x1,x2,x3,x4,x5,x6,x7,x8,x9,x10,x11,x12,y
-0.17658944966768092,-0.899722289979948,0.17512060809617513,0.13866836017073378,0.294782786594991,-0.6895779799344813,-0.8268725298676747,-0.7164995235487714,1.5705081916355854,-0.18376299012472885,1.3934189558840049,0.3677209718786615,0
-0.3511919051075934,0.1761077433247111,0.6426636172542914,0.22178488840150884,0.09588933755874415,0.7549349997900596,0.7880171680998963,1.045948475654398,-0.09768755266157415,-0.975751603038678,-1.2144131228632122,1.0125768669000155,0
1.0159767263195054,-0.6713289424776391,0.4537585739531502,0.19552693436156515,0.5833467955612608,-1.3717670811455254,0.9587797805217732,1.8524341095654493,-0.6806502503824983,0.0410047406824198,1.040866531666608,-1.3492995846474471,1
0.5180804658607909,1.4122338214564365,-0.92295694004529,-0.6352804658313658,-1.1840372758661502,-1.9921050741695392,-0.29445337921339537,-1.3201943539768826,1.1009030791131538,0.47675281746004344,0.5243912920594686,-2.3271914260354016,0
1.768043010029156,-0.15554555699372752,0.03646048809726086,-1.6986866679429526,-0.40579223459589553,0.0011412801444554274,0.3726159951335434,-2.098366581120314,0.18347068404555314,0.9445399622022724,-0.5610128778662264,1.4978162915870399,1
-1.4293001294394068,2.3422425410530896,0.8605414740867218,0.7711086598014271,-0.2646889701466217,-1.4968838812907732,-0.503610730384535,2.857149567137572,-0.5891729959765193,0.41983253548666455,1.0607337557951046,-1.0295014326341312,1
0.08087881151211058,-1.4773197585202855,0.9451101425251349,0.19321350991404526,-0.06545232402210463,-1.4724325994513765,1.2827780073219406,-1.144790301712844,-0.4768318657627815,1.0981385574611167,-1.265823891035817,0.5431930595282465,0
0.3306763258492953,-1.390757785186507,1.1139481909715725,0.8055780864705023,-0.020082592234103167,0.4259891365944513,-0.3573119471382718,0.282248874408066,-1.1676013141374884,-0.47933652199090154,-0.7027627113659036,0.3252224964315821,0
-1.8714945479972558,2.5161278232800997,-0.5165233949537138,-0.48861617283495223,0.5507464768770306,-2.505840754708504,1.5724861446804315,-0.03344946830321761,0.02118692554625177,0.34287172116261133,1.4410082071489023,-0.5376826214630133,1
-0.5424028077952568,-0.40307968012250467,0.06649468617916592,0.7881088250799841,0.8423575192057068,-0.27028901861409443,-0.5969854492849977,1.0441404196423156,1.6919234084906762,0.7927573404598387,-0.7781456253091487,-0.6217049857254184,0
1.4536861045809626,-0.2680210036059619,0.7606230611017496,-1.8345332370977365,-0.2666357798534259,-0.44490504833477434,0.24991417745025493,-0.31864327760075867,0.32302939160248095,0.25774235444962956,-1.1550999274372615,0.029348806824103294,1
-1.5174649990395461,-0.14269625934537805,1.252118058862588,-0.002447036722268598,0.40049745567268974,-1.6579485030307781,-0.04092680949769244,-0.8170876449105584,0.09611460620677138,-0.8863389012343018,-1.860847544367094,-0.7539800485987004,0
-0.1262660064102048,-0.2190245864635617,0.8869543119097025,-0.9087207246099334,0.7015736237197376,-1.6720243121615672,-1.3144716349733077,2.4049710811781426,0.7559930928938349,0.31722167532001844,0.07719716920749009,-0.5296172634912015,0
0.38480168803739667,-1.2706222037477484,-0.8278791990048558,0.17107086236762117,1.7376367106061055,1.4165785062483722,-0.8599829385647954,0.04137844711860046,-0.04509175330439612,-0.19630905762917775,-0.04337595805666315,1.683857942247708,0
-0.24442076667752244,-0.9156910934545008,1.4932226369467727,-0.5254590344982806,0.12038892564058186,1.1139878896817996,-1.0394898615033903,0.13808691653063956,0.12111452856812031,0.22688213852048617,-2.5338195464610402,1.5004806202971275,1
0.48753814653652056,-0.5892307655416638,-0.2215320960605256,-0.7505587213362004,0.5049778210272966,0.9317894942741312,-0.05170557369789469,1.4752443391720553,0.871528134919826,1.1060015205212341,0.5685872992695841,-0.4012109448792743,0
-0.12608158772855704,-1.1733825692429039,0.10563403420985752,0.056053833326665234,-0.5317509737865886,0.07160851679500455,1.145804776396357,-0.38605547721174227,0.9101672321971537,-0.16685854635410635,0.695794734855828,1.9137219870923674,0
-1.137834299830093,0.15638357700492,0.3448640508661964,-0.2617246487962234,0.04108594075780732,0.13663811195865558,0.2330148315774464,0.7410898896134686,-1.4012355252115598,-1.144883618148139,1.0469344726204413,-0.5103007362204669,1
0.2679063485875765,-1.136617494487424,0.08721786780487353,0.9694632633148025,3.6794188696097523,0.34308177665999573,-1.6491296614402786,0.7604624744822722,-0.32500732563691986,-2.987888287475349,-1.8236864868997835,-0.5933058688321875,0
0.9413359788106345,-0.5795222195523247,0.8667142141513765,0.5069443736116901,0.18720231152631753,-1.3897596698828119,0.36749381569393225,0.4978092291371563,-1.9786256345003463,1.925300006684807,-0.1794015708889159,-0.27601953741454843,1
-0.881370750914846,1.5482598679939443,-1.8183836628188512,0.32406615901230656,-0.6785624783621154,-1.270822179346432,-0.7274002986855909,-0.4158974753374823,0.9192060728790581,0.07786477224932391,1.024709360909833,-0.4533759288970179,0
0.009009456864103605,0.4961945450745585,-0.9254723466578292,-0.2188263766301128,0.267135744877286,0.6100582089172705,-1.4259867830642752,-1.9691711275246528,0.6479974728248218,-1.1224017270614919,0.16873418737775403,0.7563439158667267,0
2.201843411536292,1.2627237565977991,-0.02856217479559863,-0.10590934622685659,1.1137178617967511,-0.024038630622852362,0.04689425909533414,0.8721624659586493,0.5677962948207403,-1.308068666584857,0.41527463475267856,1.2619020213738366,1
-0.7297193253947957,-0.10235469573879588,0.45702845495971073,-0.15570736763848,0.30580061031770234,-1.1383724791707681,-2.3620033846111714,-1.3068868607161737,0.007645303006478,-0.5734534555396105,-0.0948207290188316,-0.7595965700668826,0
0.6114870568578963,-0.5450210996153612,-0.6555971423403169,1.7816808774464155,-1.6219041828896592,0.9263277493399393,0.1926881133212806,0.7045841413639401,0.9982310185038774,-0.48207083431284414,0.5037094893180394,-1.0484110647397114,0
-0.06382530836879614,-1.2296538051392714,1.2755167708754716,-0.49439752053103947,0.5962121841702934,0.4478536392687166,-0.8978893077799991,0.6153724141344424,0.10405192793674298,0.6275160489245047,-2.511919159852806,2.0578504189171856,0
1.881812588486261,-0.717368387968174,-2.56184404713089,-0.3269544174438126,-0.17338001304352954,0.4617126016515271,-0.04206749419489748,-0.38189793644568765,0.8095736257263153,-1.1277400013635175,0.5145774204706712,-1.5153640743952388,0
-0.44799293942663354,1.2482888546637718,-0.5031828083877571,1.091586252450182,-0.0674829566279881,-1.566907549534484,-0.8663409495133683,-0.10651842169907609,-0.14954990002315896,3.3969364121412973,1.266141813358903,-1.4947163848303497,1
-0.027507143036966004,0.3639600416274355,0.35054611573350436,0.19059264310535112,-1.3657272761402846,0.2336505578909773,0.9847387400219166,2.3852420056350643,0.887346652381704,-0.14913521369600105,-0.4386418604145911,0.4103457364002613,1
-0.03398773670551022,0.4417443232758932,-0.20751443881479886,-1.4746192211253173,-0.8489364106393184,0.035179073194488576,1.1166672878137895,-1.0046053342531542,-0.2102097060123313,-0.12115710158356248,0.3778174391119245,-1.4931372217913057,0
-1.2599973451451503,1.0812521118960494,1.400338173028962,-0.2737012533134926,0.890558091522223,-2.262550769988085,1.2494937792861411,-1.308360330877353,0.9684470025836287,1.0830766410230603,-1.4704275141593202,0.5856404237807206,1
0.7001352952692126,0.09504935845016234,0.47291702921695883,0.4417557351050538,-0.4590012180240995,-2.7519028416093945,-0.6672217399230734,-0.3295911627309258,0.08719066330475568,0.4120537838850016,0.2534119482221809,-0.525366668330178,1
0.7608310587766174,-0.9718209036352495,0.9300524463660648,-0.23404417500463603,0.08808747338524672,-1.1621873712333213,-0.16115243681635688,1.041406265266805,-0.20379266146027564,0.40038224011708495,-0.6674569628292597,-1.2107650311176306,1
0.20981140007535531,-0.30937653976331786,-1.3574942071307352,1.382640176487182,1.034920528678826,-1.6362635627539226,1.4824117566625628,1.970683123645106,-0.34461084052065777,1.0074574678153219,1.676280116377968,0.07036483574374357,0
0.530636704072667,-1.161549109771034,0.22799953464887193,-0.5139655979664303,-1.4356705899973488,-0.6725261994852494,0.7151997150359821,-1.3772182533841026,-0.7620934114083875,1.4042692239956562,-2.9701740842389763,-1.3328581409428686,1
-0.59324665016988,1.7529005853058568,-1.2143620802119286,-0.993546707099759,-0.5123006414842595,0.3474777375394592,-0.0058202172175120925,0.47465096459089184,1.585906940453221,0.004699496025389188,1.552899923354772,1.4896766051181438,1
1.256720428905345,1.3573308307495544,-1.8617302454952407,0.14972697975288765,0.2308229234821046,-1.336303042906693,0.9147470683336364,-1.7112885869113332,-0.06993197159115515,0.1689821976923991,1.3828745734495551,-0.2425469002598763,1
-1.1242435387138061,-1.0725810596404897,1.3205314451337626,0.39644906723191436,-0.18687764450518451,0.15742052463368897,-0.328092951675735,-0.11089800542486061,1.089496844155089,-0.0664364953692702,-1.290863924616123,0.03316949766476858,0
-0.5016046434407295,1.1160038273416133,0.9220489963758829,0.10922393139366951,-1.7957695348779072,-0.36679570044463555,-0.3655417735504123,0.3509482225897668,1.3813947674821938,0.036456356271578234,0.7019692976818217,1.3585948349911936,1
0.3324226629529445,0.5863744386349152,-0.25593854265086907,1.568049601689477,0.8796916588502719,-1.778207341105997,-0.06701453766144858,0.5786581141326955,-0.7020600155672603,0.27454164813607024,0.7385178961336185,0.6153106113919878,0
3.1826126411974625,0.3518270294291651,0.13175408995957308,-0.2774733433697473,1.1100505780015413,-1.131668960156924,0.5314600188887393,-1.581614468514905,-0.35909883158682104,0.7603017038837792,-1.054024710848605,-0.1357820566707657,1
0.6024443164950698,0.045505781531561325,-1.1779273737048528,-0.5097976541992654,-0.12791416493943134,-1.1647736228442016,-0.49297269449934694,-1.4238534939737981,0.6036241105572036,1.425769045394915,1.1093957668265502,-0.15587667041206196,1
-0.9411805607698182,1.5876397232334212,-1.430463224081543,-0.02473568066811477,1.4539179685493882,1.8624707646901286,-2.4777487680288175,-2.0891844646845477,1.302951124775218,0.18544301764855495,0.47692774913978303,-1.5269405169577506,0
1.3803575717188945,0.28004387106425693,0.3257227226580033,-1.1762780001132984,1.1724097600991084,1.2598170042445582,-0.1548309443690396,-0.31602818954407547,0.1548246144397975,0.8539646292285371,-0.706344356407955,0.1582919394589503,0
1.5266330574782216,-0.015970358575403357,0.10649361723555929,-0.10696423923096794,-0.8748442009198731,0.2961482324075773,1.0262785993911387,-0.3377920449186913,-0.004746939461720472,-0.28207073364116114,0.10407631565921416,-1.7402537756313183,1
-0.6920632153804224,0.27207282166194546,-1.041842554170321,0.874619460009751,-0.2536631632501085,1.0253126082255468,-0.15206242046527357,0.5649679141967376,-2.4212645027119604,-0.6521217462598514,0.0885472388999462,1.778167593913605,0
0.1641252625463847,-1.0612409411074537,1.4505426298773003,-1.175050055789242,0.5457771495736017,1.6577383644658572,-1.5672050463979121,0.3890113133677592,1.6234020667385252,-1.4137043163830552,-2.1279759073513995,-0.04493080689300383,0
-1.2153175929559532,-0.22696040748731447,0.10003080006547697,-0.11785941420764771,0.38796954994171035,1.0839098725078566,0.7035820667821042,0.8146433944992371,1.1052937110461092,-0.41815152401847494,-1.3020761047811904,2.142842415861271,0
-0.6668288253772935,0.7563437197686889,-2.166009043722428,0.0513920472545484,1.619503929311429,0.8570327311043879,-1.8105274437236811,-0.9973556986505842,0.8120945167346041,-0.1765543294247386,0.14050450912820733,0.8388029514056486,0
0.47395517062716036,0.1823927178107243,1.8118403606685527,1.5062748861696442,0.37211766690695897,-0.9345799822589737,0.9477715526719167,-0.41448668007099965,-0.8961854220823748,-0.21232199985301034,-1.8428497249714835,0.933049088739141,1
1.5236992230202906,-0.778570722491622,0.09867462279430965,-0.795798444970027,1.1155405770232518,0.3208856054411225,1.0034409352529918,-2.0163793628380318,-1.4409373768287705,1.2420051673292969,-0.6663968489545193,0.4293775898676868,1
-0.13244941396132234,0.29724701786104324,-0.31034225257163306,-0.38667438535439547,0.33174089392709327,1.0181876594439099,-2.256781030085444,-0.12990394478463702,-0.10851348840140115,1.0094060715215516,1.0306195699591552,0.9195870939475113,0
-0.5073538124898214,0.9622404116153946,-2.3876364827510588,-0.05292066330470855,0.7266883084931771,-0.06017263860633003,-0.20969372082229648,-0.5665218517582541,-0.06625806546733977,-0.2780831605334973,-0.36109938774256883,0.34107602544123167,0
-0.737008909608936,-0.39866944241890534,1.5332752000578538,-0.9722348562545006,-0.39321781305691883,-0.429025098627974,-0.97839287383044,0.45398611026177965,0.5170330490708157,0.9409575318616874,-0.7637497736521043,-2.069714528793686,1
-1.8869943015349468,0.22705432325034652,-1.8742248796968028,0.5411740280789443,-1.4224110286230016,-0.9881190172057994,1.4312006950956073,-0.35814881421492817,0.0916655413000579,-1.0905615055526892,3.02124167296577,-0.8722649044278951,0
0.678240553854718,0.2499467521504004,-1.3546601460040433,-0.4841711834458786,-0.9304260713625271,-0.665577081789788,-1.4280951476124493,-1.4490183852938843,2.289272046833707,0.7743207663319717,0.6602855204766861,0.02833664949026558,0
0.1632074720430376,-2.3604388105787426,-0.1266880268738692,-1.454767354212434,-0.1500666383529069,0.1739308630277263,0.2467846078727591,1.042292188232514,-1.3244382792014524,-0.40032533204663945,0.15486548237971406,1.9218458572893473,0
0.11090747620075501,-1.0871403604892795,1.8466509459475524,-0.6063483756666156,0.7854111222582624,0.7585759032805248,-0.3028746204697768,1.129698464074746,-0.35349816044696797,-0.647287278127457,-1.1799631144931229,-0.4163033244941697,1
-0.27595684907478957,1.095367084274875,1.5505990118957882,1.0531797113286103,0.5525382580181595,-0.9019644154026604,0.6014488236886751,0.436511605822471,1.169071061149008,0.8530433781088835,-0.09549463259639784,-1.7615208957949908,1
-1.6614816652011757,0.5401909275295551,-0.30867793019690115,-0.4541612509243055,0.7362128916660045,-1.448391434117616,-0.10266018534644233,-0.5274768911440172,-0.908833574665251,0.5081785185549262,0.457088024066246,-0.234483012075817,0
0.5421882831768222,0.15139186356638898,2.3140396386469373,-0.04965091368721419,0.4990574588840244,-0.4123810925801665,-2.5042779374949538,-0.3179286507469566,-1.7125107965341169,0.4905682409302728,-0.42185310224848377,0.2836545353698569,1
0.25282791242605784,0.8894116018412652,-0.2187443344617049,-0.47701185814447367,2.0861827951433636,1.0168559047697743,-0.45241187344090245,0.3139457869815817,-0.7078663865786499,-1.2693695343636293,1.175159434154055,1.173427844626388,1
0.5245689079787625,-0.15158666235224888,-0.05095774535314531,-1.3752985630544647,0.5695383223810783,1.0230915956694253,-0.40967246463326473,1.0644787390768655,-0.5550027797192076,-0.3173911904142897,-0.0468863573691354,0.7258609221857603,0
2.8001808496730627,0.4932640511791027,0.607445957395705,2.4305793389466452,0.5280967844507751,-1.10267694550452,1.6000121208219653,-0.3480580720926323,-2.224566060413921,0.8081914520372615,-1.359259161271166,-0.8909218034488241,1
0.9783008254509215,-0.08263940836912391,1.8962170586293128,-0.8137342159789823,1.292841263877483,1.682189092490579,-1.130349986176737,0.06551907670562561,-0.3905538900231532,-0.02994328812013702,-0.7991394207553074,0.8832856438654523,1
0.9384716299568409,0.34113158564917767,0.8902368242654485,0.7066085603747201,0.1836144456086486,-0.7338257645823643,-0.9402018843900982,-0.6681607331790165,0.7786411052092636,1.207453964049085,-0.5096628710532604,-0.01908934315086124,1
1.048007006808703,2.1438480869329712,-0.2836082430014355,-0.38501199527541874,-1.5429604602375084,-1.533455009500996,0.5465797287883786,-0.7253892333754746,1.0403705566975632,1.4404256085693534,1.304023550910683,-0.1897522577624137,1
-0.9817639314759461,-0.3384838563458401,-0.2094861117303624,-0.17564570122914677,-1.1159832084538517,-0.8847222677148995,-0.3524355361844462,-0.28892397446705453,-0.07812777308192577,0.5186644550822389,1.5779192850031953,0.8883144592170934,0
0.14014610354852178,0.31868788785169305,-0.7968102705499064,0.0692649494678958,0.7687689736321659,-0.5124852542052865,-0.27797228865788165,-0.10714496382638514,-1.0025247408837934,0.536029073083585,1.5589832915028736,-0.023719192630521847,0
0.04593205368073674,0.5965348484483536,0.07492872255603314,-1.2440395537660796,0.7516661207283042,-1.497069150264901,2.1966775060235153,-1.683257259838646,0.25601288150746426,1.1372184224436541,-1.2313635303733828,-0.7863243887636848,1
0.8062361064915002,1.0238273366301511,-1.9479275932877642,-0.24713342405305966,0.2163439820522875,-0.5758109866240047,-0.11293519726288798,1.861364586759366,-0.12406549364725364,-1.2246802297751187,2.268973737222267,0.20806879985638568,0
0.669659988318792,-1.1000766104642514,0.12049301872053511,1.023185359642654,-1.0141090376650064,0.31975901326753275,-0.01851654891731794,-0.3510114388597186,-0.13088489324983352,1.3569823046136171,-1.4041174902884972,0.7808395711108101,0
-0.9827876669261025,0.33722414243406335,1.1166154117062108,1.7454097897298138,0.33998248937727943,-1.3834323412350111,0.2715581989806578,1.2546202302891858,-1.4261419517745677,-0.1348733423128005,-0.7895683346655885,-0.8211614849422514,1
-0.8465634720997497,0.9426055405539752,0.3029896056070818,2.2626603570908723,0.9947051930097937,0.8124014391279567,0.8463500188680969,0.9180476056313387,-1.447912812352934,-0.5753072378679652,-1.0187060718885008,0.21686746301509807,1
-0.7577254023765451,0.05871406497756004,0.28790644484319106,-0.5301480850917382,0.8436508931038598,0.43637395433506865,-0.5101017825128834,0.311387348934886,0.44554325038995046,-2.68851568182144,0.03363556641772544,-0.4457226184975379,1
-0.032563146965090266,2.16247939396791,-0.2441222167218856,-0.049773376686011894,0.7086316067866499,-2.926740858149887,-1.2334028442179483,-1.4250295210675985,-0.0487657470579869,-1.617632382941503,1.4340923503565812,0.5071868218402587,1
-0.960749729388031,-0.33649488400059757,0.37423388255086376,-0.020731704777904602,-0.37751552224619345,0.7177342004768203,-0.1287808356171072,0.5409867403656183,0.2814874578313305,-0.0180736393524402,-0.5173223887793336,1.010926323725385,0
0.4628300205381784,-0.46784850145634477,1.7528730933078784,-1.3274402521579747,-1.955585801037599,0.1007465165840908,0.16616589721181993,0.9066132591234658,0.09691365876909043,0.05346310176075164,-0.25867345265435937,-0.37384821911786653,1
-1.1750438035923136,-0.9864797925213183,1.9271048686267875,-0.9830195964640933,-1.9155318073857055,0.35845452082755164,-0.6509385493501075,1.120746063774613,-0.2922671868692308,-0.2901966220449347,1.0141532556889086,-1.0443354590867489,1
-0.417618485924998,-0.8431257138909757,0.8009225302078401,2.489473431417725,-1.0368503651076582,-1.0395842812470297,2.457684054258561,0.4998225108215517,0.2521141141035699,0.3600890933223497,-0.4866048826170738,1.8663933342413042,0
-0.4619927596628837,0.44922553473922316,-0.6281989731278808,0.3181839923435375,1.469827612952656,0.26188744904563727,-0.25191678240309057,1.0335461348465116,-1.2978827056503088,0.8921350349692619,-0.4819225494833291,-0.4162322070506393,1
2.2098358927319706,-0.9225108494682427,0.14721458664245757,0.30052984741887956,0.5954660255461799,1.4068390228325316,0.8518653290202285,1.4406070988517328,-0.008205938174368795,-0.6988788751526229,0.27183430122384183,1.621907623258519,1
-0.9141538221600817,-0.5206358977534513,-1.3459138119451344,-1.4858317387320126,-0.14126232424290072,0.862244826054825,-0.3268575332525673,-0.6136909162257282,-0.5120076417917074,0.5021387934335715,-0.3188761912044921,-0.0010541979496999161,0
-0.9701433464827014,-1.859749332793923,-0.5791376506861504,-1.772136056281488,1.4736226443217149,1.418702395057302,-0.5993940725090099,1.0237984660820272,-2.197034823862974,-1.80642412060135,-0.4752294424235137,1.9249217439271584,0
0.5139781024578618,0.3975899149085876,0.25275842076859323,1.3611555724162998,2.2069657179885165,-0.9540204717421901,1.2803651183520595,0.10072777865805893,-0.744933048777684,0.8345866432342539,-0.2057594766577853,1.6640981864919755,1
-1.015673128314703,0.5489772330685303,-0.9589732500639241,-0.4757049666727672,-1.7840689583352742,0.1830231095021685,-1.460421784596517,0.7115046157096483,2.7432065791780027,-1.251179947145771,0.2836191182429547,0.17960400374142058,0
-0.45164466523506563,-0.575797224438712,2.8830209857044693,-0.6762437732459452,0.947347475294319,0.48418323529852797,0.054966792630139816,1.7933297647861082,0.1875583882313495,0.37548624460591457,-1.5455340615199624,1.5188757264102155,1
0.8273252507533074,-0.036398580964250915,-0.2999647260362992,1.8521865089636622,-0.5745857227886161,-1.6548107903459874,-0.3829208665968708,0.4895738289657084,-0.7598046127868896,-0.1446649123352679,0.901785023070623,-0.3253758271289954,1
0.4166959195449007,0.33673488115688155,0.5787984153454294,0.06454060369675085,0.12407073284098626,-0.369529504829932,1.739105505184255,-1.2054981785007155,1.2301952217378942,1.6125850260075496,0.35712713761969994,-0.37487658746790653,1
0.16292401657416825,-0.8643506005297317,0.14463998056052613,-0.40917265490523963,-0.7144937501370185,-0.007603250315374862,0.675748873565261,-0.48468730435964036,1.1376859985780297,2.658232149222348,-0.7899008584154318,0.9940324783292196,0
1.4567212391331819,0.3401801669966574,0.3683532726210914,0.16359258960934547,0.5032987031626788,0.035006909770962685,-1.0617226710531469,-1.3791787093753847,0.03977239624580181,0.618856877914471,-2.26746886969891,-1.1449141747522307,1
0.6894829695145749,0.32264350475543113,0.41385036756371935,0.2105231204868884,0.22412956303002776,-1.2848480322112679,-0.30857990807977237,0.865147916091895,0.5445189891262204,0.7283012656870356,-0.029880789212937502,0.5648732190065153,1
1.9437323665338722,-1.0188577588036354,-1.939316148929421,1.0677962321593177,-1.850289563955389,1.0928654644187055,-0.25011846334287025,0.5138910726696293,-0.6293079323737066,-1.194070066820664,-0.3556177086997763,0.1449731867787657,0
0.6668955296650667,1.2210471537059642,-0.969918663106581,1.0052859561875511,-1.0807261769274639,-0.22881843647913844,-0.2845960553499383,0.46545770831887334,-0.8355965724405306,1.8840471567344212,1.4184487178026484,0.05028072774058317,1
0.6275863724167556,0.3948690467416148,-1.5687680502897927,1.312837255637739,0.37371090403979246,0.38129235628056374,-1.1573083038943017,-0.7585522513517495,-1.7083359457075205,-0.30475111530412513,0.2792229924231771,-1.2614294017809342,1
-0.4581439212527108,0.3190066402968176,0.6036662827921787,1.126826530179715,-1.0913022648156123,0.501048591351441,0.1844121081587451,-0.966809286071293,0.8078370060019953,0.9039253996743289,1.1421802956244964,-0.11159079670824244,1
2.0343526452093204,-1.1056373939073019,1.6109855505779533,-1.2664207115658985,0.11999366469120469,-1.5323983252694344,0.1160763841404398,-0.08521786732375718,-1.1852502418198914,0.9894614351547727,-0.4652566233474511,0.8545500508653086,1
-1.3365983454068147,0.7302072806716222,0.5692111806962556,0.016632385099905445,0.2753603112412599,0.49242298961527253,-0.023133152568705902,-0.10847502805283926,-0.052850824723185516,-0.430335224922032,-0.7919205111979032,-0.14531544865187113,0
-1.1569553387251394,0.1211554457759629,0.7323361953491413,1.0121251428211724,0.9483223437036781,-0.6631263321257899,0.97197016537805,0.428917608431047,0.5931621576628896,1.074045168094771,-0.26505827492530737,-0.38975347128134247,0
1.3049558571912072,-0.890691294143156,1.6062676836891077,-1.9600986728847107,-0.8046013992839189,-0.8909600692331318,-0.6935386244133448,-0.43832143231450454,-0.8253139244479752,-1.610791396953686,-0.01839320446028102,0.4900634040621965,1
0.47964551953190515,0.47908743095275863,-0.12872656777971128,0.7094595447526431,0.4986572912349776,0.9285400668683493,-0.32023876332124035,0.29493058963560004,-1.0315844841892943,-0.6382318279819033,0.9199291428764833,-0.1955714435750422,1
-1.2292783350860494,-2.002474080246167,-0.34035675823000194,0.8006059892715316,0.4279982241676443,0.25656527937022716,1.0990342546327747,0.9093396550228853,1.2148529220695794,0.9794126111635736,-0.6075950413007078,-0.42219605673133354,0
0.8745862244807111,-0.7810088667131067,-0.7656608777056902,1.3223739547534152,1.3049053122719785,1.5350523287807973,-0.8972059091881219,-0.4133977768122479,0.035106696542648634,0.1919557659819338,-0.6533750265986706,-0.2334354382097546,1
-0.5687420287336635,-1.3611967713569082,1.4246747568521518,0.623101525815308,-1.257998721147382,-1.18038089288313,0.600534851680521,0.6822186613196559,-1.1473654599873013,0.1776389524695896,-0.3869140933893618,-0.7630958187132796,1
-0.5333883234291036,-0.42262407186032536,-0.3988720828339256,-1.0648730700157774,2.258689252557081,0.03854480486887963,-1.3149643754609006,-0.5296585759720818,0.15402925603361212,-0.7034336417530045,0.47291346717740457,-2.4886297833430833,0
-1.9061052236720726,1.6051401499437616,1.082532335093356,0.6263405534078297,-0.8536147974979592,-1.2219278832977212,0.8741391012616221,-0.784747572456435,-0.8876817791314404,0.3304730589299818,-0.3520587410183285,-0.6329608427274053,1
-0.42856377743383034,-0.7567446390171773,1.06086245771791,0.6383619388554604,0.48889150856736896,0.3305132374687431,-0.38795680029250057,-0.3407747042625412,1.2337404429656347,0.14171454645622264,-1.463166660332567,0.2182266680312882,1
-0.4081288422690481,-1.74993300860111,-0.6150584734948633,-0.07683786172717512,0.6726457289692275,1.429467718711146,-0.38012954376201713,-1.152796367552588,0.5297234322846378,0.0364883800728105,-0.4320070832807543,-0.04685472813787857,0
-1.0803158421957544,-0.9772040590214077,-0.6132390798908818,0.5209426584764542,0.36595415479980425,-0.09818693934701522,1.1859592267874624,-0.34602203606231885,0.7202075205315056,-0.6178332261502811,-0.566011993923864,-0.04703164738525644,0
0.10527594989832877,-0.602015198644954,-2.0268687861612436,-0.14175231078504597,-0.048822315191118744,-0.5348633884776309,0.6207583532667034,0.6170704089240682,0.13567621989180384,-0.804130030445007,-0.14521264520872812,1.6036259615106632,0
0.030798669803154075,0.0016753725629604253,0.45371913054563745,-0.6151189178893838,-1.1201053267144148,-1.4650374988142272,0.7949582517982491,0.8940118104066168,1.7773470033464833,0.6511763641355526,2.4777229712129807,-0.6745703073730179,1
-0.5224277852335631,-1.3748856918383305,-0.645052386168533,-1.1740749272624718,-0.2067885857633513,0.661596777396743,0.13162260411377,-0.219194857584967,-0.19797748597744652,-1.325704606065754,0.4775938383838003,0.6900039790078625,0
1.4226261119405614,1.0910363543866826,-0.4464920648944275,0.7962198614579451,0.33269085419566274,0.6941941999101162,0.24194304163322053,0.7256240069495202,0.6620321336702389,0.6997436920139123,0.3629243910455225,-1.5728231575724971,1
0.17505661195867336,-2.265160833470111,1.7129387019823212,-0.14822067063378386,0.04112917506425756,1.7359988204922994,0.8931942282949282,2.5032581596986363,0.3874114488854252,-0.29203857659949106,-0.595809805746568,1.6442233424465427,0
-0.44296475903055205,-0.9500961269038214,-1.1410258409353735,-0.6473783656299392,2.420087967373064,1.155453221331137,-0.12357883995262493,-1.3139085524710659,1.1604123632004766,0.8218721419164096,0.28797561020915224,1.953961733674102,0
-0.40993818231600526,0.5504270967936911,0.8739506747073903,-0.2948771638873678,0.544518709170936,1.4264323428065249,0.10484493607136045,-0.1955974408632939,1.4964223154043041,0.6529810954974784,-1.3902600649526102,-0.23277466399491872,1
0.8659859781788155,2.143235284093777,1.3033818298586526,-0.7554896283041879,-0.4877728368871882,-2.332723019125476,-0.3861964056764971,-0.004911951316523465,-0.5253811536702769,2.5064409617497887,0.7926291259464363,0.5699674566333053,1
-1.0618513535264371,-0.13152006973002786,1.4831574739375226,0.580507874343961,-2.272596169236604,0.2546935982381517,1.401330213841367,0.7696186570333019,-1.0166894471233803,1.0332611009163402,-0.4983018713851005,0.1615372286510254,1
-1.2562814057391845,0.5944588599428665,0.18143062877556648,1.6179766454716538,1.2106094958605236,-2.6511074005844213,2.8473332545438486,0.21064677221111175,-0.588701467461211,1.2068368673446737,-0.2007063946746219,-1.2410690635785255,0
0.3320092556510168,-1.37177808142399,-0.13406059655391417,1.49999366201571,-0.31944532178955903,0.04138247879474413,0.6593343302178878,0.776052494827336,-0.8708794513362137,-1.2964771473122454,-0.9461651978686239,-0.44336988576179337,0
-1.0181872636225013,0.0810056596974281,-0.8847475292400958,-1.1570515241382777,-0.11504085661213581,-0.06621876098363308,0.045135341369101564,-2.066234609448078,1.6670737070221853,0.4594416065457376,0.6772114110010291,0.3884357447483171,0
-1.2386198513868696,0.9458916653948254,0.574790511155904,1.500343924439674,-1.5712810083734092,-1.7273818878943603,-0.35220743989693265,0.3575765197368832,-0.3106498184582061,1.637813671871409,0.6678029884852523,1.6165516703683533,1
-2.110820149703575,-1.4553742302325736,-0.6004401363644923,0.654042418252396,-0.9323876130871996,-0.09437675098318166,0.24724214725610458,0.10445659306429068,-0.3621304835733315,0.6231128898027257,-0.338534648826331,-0.9428444852194664,0
-0.05762415520906226,-1.1143067963856288,-0.37295796600035136,0.28708612396937505,1.2048662698359716,0.03291613426213457,0.34105850852986197,0.029484830805346952,-0.9885775417485151,-0.3636661006931638,-0.4527174838175975,0.29046368973798203,0
0.3685905057462146,-1.1808403243878263,1.2657641254025702,-0.833666493979274,0.11962025658423624,1.2655267380865431,0.42849449980540916,2.245917250602362,-0.5748737089319492,-1.3303419982454867,0.045285247930090054,0.34078741491526393,0
-0.6520036930286793,-0.5106529329445745,-1.9279425765065552,0.3929398441112328,0.07321051443236194,1.21790804310672,-0.7459600517364504,-0.33201180707355177,-1.9248246787910668,-2.0871299861298795,0.8896246080715924,-0.3890043598326168,0
2.0748298229108664,0.1783352101074396,-0.3548090684699439,-0.18693667367022684,0.04475930916559596,2.500489076701268,-0.640666847013683,-0.1745370541400146,-1.8025511454386107,0.5228214767214266,-0.8189145040501363,-0.34692948346477304,1
0.05430293012255351,-1.4953408137003805,1.2465589263795749,0.6703174048024947,1.1899847056196509,0.01465691984205782,0.14885985340804292,-0.1834261099398504,0.5998560096678843,-1.83620984140652,-0.5787394242236137,-0.48102170034948377,0
1.769109046160587,-1.8894049706095348,-0.29369246057892767,-1.0878702395978133,-0.5017977431132307,1.3838853884620743,-1.2360393220057924,-1.0450496569483363,-0.9119369651938757,-1.6378633189160716,0.915932840174602,-0.8387803552915544,0
-0.2355529105062651,0.1791871886402174,0.3992156197412894,0.1109007739872335,1.689712430245284,0.602945401731944,0.2923752361530993,0.4088743326931151,1.6009931462660343,-1.2495209774386127,-0.4788841146629911,1.2833192420054544,1
3.095872927956038,-1.0802012251330715,-0.5048408855191069,-0.23191761230022526,0.38766126876170565,2.031916680133754,-0.532212875153614,-0.5336660408579939,-0.36102085784280474,0.5619634856834883,1.0069692928805183,1.453273795154947,1
0.17531706149362022,0.23793813033809671,0.05076702335803763,-0.38923577536376297,-1.1998061582522537,0.8217842108116672,0.48290648251408136,0.286358853461244,0.3608161554962747,1.2819457496467417,0.5534589385623045,-1.4011217723562512,0
0.3773113958473556,1.304639110865895,0.3202417474890388,0.07534843353563718,1.30981508559614,-1.10181324618133,0.9434669780920902,0.3521998129015693,0.9600278858686511,2.1459988652358093,-0.9426263804397486,0.28542801738824497,1
0.5531408915713236,-0.06850753079311192,0.772434360427153,1.6963806373587285,1.753511819316957,-1.0121083870605307,1.227852179428394,0.5968159949979556,-0.016924923132918518,1.4721575296363445,-0.31329675240629906,-1.6739775764836262,1
-0.3954971278524141,-0.3384803211527126,-0.17730002658814725,0.8151171167068225,-0.5134323186365397,0.2782126936870296,-0.6084938822220787,0.499462483515274,-0.6998716930283467,1.2142619863549273,-1.5011214995297848,0.8911587333843511,0
0.001148221051997263,1.099144876447106,-0.710489512487769,1.2170109456681302,1.4441935694525505,0.42389583032424183,1.2892501325984018,-1.0969500431201704,-0.026189543744520045,-0.4054089789179575,-0.5566465717333274,-0.8526121681611193,0
-1.4799265172690483,-1.2483113805658137,0.291560248731719,-0.9171174695606612,-0.7981151069747475,1.38754387048262,-0.22649789131818204,1.7878797253892111,0.10864948993542306,-0.606866996631852,0.13354315050008753,-1.341694689689848,0
-0.08222034368824568,-0.5261670770762618,-0.12406731432700376,0.4594483816248038,1.4670700279218667,1.7627653348152497,-0.6701204981659097,0.16011005024124444,0.5939051084883838,-0.9828944577944183,-0.8917056086601294,-0.778566626019981,1
1.7228265674218917,0.7165129532249228,1.5566955116433638,-1.3652131919483983,-0.7114804399151412,1.5772731923913161,-0.7284900046948137,1.535863072152841,0.9836404346142578,-2.2062291992601017,-1.1958825438102794,0.8497192112743103,1
-0.5421825378809548,0.8135988461609515,0.8510233051588467,0.16609683311548318,1.5858909399034322,1.3430849514584111,0.3550134476512707,-0.40538317964885784,-1.3482971987047094,-0.33324937689420775,-1.5546536457223081,0.767233930832483,1
-0.02151704019652495,0.5918784563191549,2.7427340829449576,0.8670363081818228,-0.723737152963234,-0.22888066865176424,0.13395688528577498,-0.6504015704578902,-0.7807438677771779,0.25310336406646794,0.41788382358718296,1.2438646100391388,1
0.5544274281132804,0.007732705425584702,0.6374679723667551,-1.3010194755065636,0.7406779106596817,0.25116879619084925,-1.4091484927795404,2.4119131187633482,-0.7102454025123451,-1.9798722319608026,0.9219997617113727,-0.11532796877699185,1
-0.17686110246383244,-0.5893256746206186,-0.9153027690001287,-1.1364414763296922,-0.3676374029372583,0.14539660854613687,-0.7915986110182507,-1.0158204745620711,-1.2307146750042361,-1.543303239374448,0.5634459577217217,0.8595612653107,0
-0.1899462983641148,-1.397440612085161,1.6554858612078729,-0.709384953776219,1.0677672911273384,-0.026512760173880105,0.49226184467856515,1.4743613816869128,-0.21254768561121531,-0.7052199757658534,-3.2107073913214834,0.7377123357588681,1
0.6224957391379279,-0.6787718194726684,0.1980432804117102,0.020651834945860818,-1.5824876508226335,-0.3423089276541217,-0.12683442472912235,0.6164171560550902,-1.789573253158087,-0.7606581082483322,-1.1712452752026674,-1.2420351332620998,1
-0.06090788226835256,0.10410744466937955,0.7954774111275634,-1.2077596038094203,0.3913629617926003,-1.0330103919514328,-0.894476602692897,-0.0373257376902892,1.2690614395703277,-0.8979528820011485,0.5587968736478238,1.3494965210356182,1
-0.03106188896298465,0.15493829934487569,-1.6934282516196586,-0.09841299940040645,-1.1613365521685428,0.9995205582318154,-1.2050786942729625,-1.279561485375993,2.0370485923029644,-0.9244080288075351,1.978063143242666,-0.38064325045196223,0
0.13078981261237296,0.1425240124352804,-0.764076335704848,0.3499369524943916,0.7267677361710003,0.9320199139022105,0.7591779456248504,-0.44623486736353835,-0.33436341663411057,-0.34622544755403273,-1.3989814099273303,-0.5159571186297945,0
0.018698690040927824,0.9021406266532188,0.5998575365772388,-0.26776324060496987,0.8742764577643602,0.5949108767384295,-0.030248905664319002,0.8377579359050265,-0.9881689325962677,-0.40215213780067893,-0.6754567647031239,2.570866846837496,1
1.6287203698164026,0.5864188436775595,-0.06478562442877829,-0.6172140844146715,0.03711901387923445,1.6398443659174409,-2.1861948021469058,-0.4926196846886573,0.6373498777216119,0.7454878318551431,1.4881167185324773,-0.899559680702319,1
-2.075471742898805,0.21075146227856684,0.06106559319002931,-1.3522999508259683,0.8106276026291933,-0.3270294865607779,-0.06836679192656683,-1.9215381904227795,-0.753133282982771,0.5506118783554963,0.09660498051114909,0.47384281194657757,0
-0.6316483434824657,2.3372031257302233,1.6752040667806136,1.1939823668304343,-0.2646927196415556,-0.3895792965578807,-1.2146704265323147,1.6373320740660076,0.23383103933189955,1.3134659585129904,-0.4045542587014573,-0.2606043592175631,1
0.2963099159158977,-0.41579502774520977,0.26222911480823147,-1.26755680320816,-0.41971949249951024,0.4719764298915427,0.4894127541754644,-0.45631707434950197,0.42270315398212976,0.4424351468432685,-0.146691376033265,-0.5229488437932889,1
-0.06832709348586397,0.7711606669881919,-0.07295632821678653,-1.0001005323305967,-0.03586573074911529,-0.8982622202714585,-0.07603809326208306,-1.7199073163779266,-0.5093771139561399,-0.20713919692891114,-0.43666821716115395,-1.01952819757037,1
0.058833194345814195,0.40580642815049284,-1.6856007934185293,0.6533376543666057,-0.7579277950281947,1.1976958712631887,-0.39181320069903197,-0.42418199032390985,-0.19226368158090734,-1.6683597984945766,0.6759383261328944,-0.6694569172293932,0
-1.374793694801584,-1.0791263251556855,-1.2225869728136027,-0.5379131984460811,0.958445676685384,1.5222255571363452,0.24198695645549423,0.3901079602859564,-0.4699493136020245,-0.632484106166557,-0.16043371689369937,1.0306009188613503,0
0.7697268894705855,-0.3241211266917759,1.1530846146278642,-0.0069835687457961235,0.1621695274933175,1.5349560922705852,0.5207045886751649,0.2809972076321717,-1.4838715158921456,-0.3396411429179405,-0.8874192322034578,1.4282898650862947,1
0.6360451104504341,1.5000890435219196,0.9020319063054145,-0.4612039167288941,0.8950939445053779,-1.9976848498541568,-0.3317342798248531,2.0292849692546375,0.07823821002282229,-0.7363421163783178,1.1546010328482958,-1.1202095941131753,1
1.1204734116846808,2.951109990634575,-1.22065857766628,-0.5954946074121336,1.7997340514078166,0.25206316587026467,1.3010236824133747,-0.6941186490296162,-0.16498650151261496,-0.6894166970120696,0.8487706488198269,-1.0708300056779698,1
-0.6948884195839826,0.7624849824202096,-0.46968798945947454,-1.2853679953294597,-0.34438506316224937,1.8913607478701726,-0.7015329853006738,-0.23620213102750276,-0.2366392646613156,-1.222045938906741,-0.24926832851094818,1.571972249602079,1
0.5364319475991681,1.4829080519660511,0.5932712935342527,-0.7156688236250227,0.061126801004503246,0.5192799425774874,0.34196301248086736,-0.48874777093102634,-1.7197058893505641,0.0986947574637417,1.0096999975707945,0.40465470952550486,1
-0.8384802025273899,-0.006587608685695566,-0.9507861918986694,-0.5186232098649154,0.2933524843097559,-0.4114600708499837,0.15653920705411228,0.23388217417486926,0.12564413500452057,1.9032847504444548,1.6701638470708664,1.0871811498672526,0
0.9057094331232733,-2.925609679904295,0.7632744138345975,0.44580534712474773,1.3240072978897695,1.050231191760367,-1.1443319154488394,0.6824992358080029,-0.5288286675018948,0.28015829482360083,-0.5073377379028147,0.48838042368239903,0
0.04019976003880216,0.03256386271006227,1.3079506690848235,-0.4173696698050283,-0.7886938930294841,1.0265478428876764,0.5024173697528167,2.1057453340065764,-0.18844284798144603,-0.8384225396974709,0.7959268528988607,1.4169890814097401,1
-0.5865584176196643,-0.3234286078173966,-1.3328463904047023,1.0078478432147293,0.7965018618426378,-1.7459766747941718,0.570077488684577,0.6776782353409837,-1.0591272885263157,0.02434082622670694,-1.8244494504274826,-1.2452694899006145,0
-1.5819552135097157,2.4710917332849465,-2.0783412566033177,0.1270177904291403,-0.9632293141288324,-2.4661087736680827,-0.2444927815822196,0.5024678567826134,1.1877005073218334,0.08921559773672083,3.039351335598935,-0.00028160027763340066,0
1.4951252475517858,1.6414431997458456,0.6973762000306546,1.0559883847095248,0.4484436311378928,-1.2014495397673595,1.1859629379447822,-0.548434472125019,-0.912362829897742,0.5147275159745155,-0.6277175701639051,1.519010680330476,1
-0.6621040629706585,0.8696497966562216,0.4869316164088657,-0.6072411055158974,-0.8066134328153034,1.2506199137621046,-0.5018646958557731,-0.19185182659602612,0.31216871767289794,1.0556422140292792,-1.8268937962522174,-1.568949051174319,1
-1.2091610822420813,1.2441229592263183,0.2813822694851302,0.09685136067893715,-1.0402786543721447,0.09600637241551863,2.007181124511081,1.1646945573532996,-0.904518973390589,-0.6227287322331049,0.09997111023908979,-0.8766520258522864,0
2.0779944925262988,2.076166648391141,1.0186073029415743,-1.1362737053772716,1.2151364201226973,-0.6504917732291451,1.151033328150961,-0.5594359585477773,-0.5104720513740129,-0.3455048077770567,-1.3884402850815816,1.5063672600367508,1
-0.5543394209369813,-1.6403917276955668,0.8380181518759774,0.1331006394465578,0.9395026645191745,0.1877178957977962,-0.4332136771663331,0.07880639463479741,-0.8683737692903771,-0.15261052076904283,-0.7545551572036221,-0.7845081449163538,0
1.959048917325761,-0.7028142453946072,0.40383628298062807,-0.659388159240499,-1.3442186794401996,0.6762907185203647,0.23254215018737415,0.5531132849837708,0.7947536164450814,-1.5319982920079465,0.18049934930309217,-0.17772059674766774,1
0.6250570091790517,0.3409037251432815,0.8069131258921131,2.3412385371239735,-1.1323637013908545,-0.580530624454446,-0.4513457897357313,0.2580836066938321,0.40124323519516353,0.3371323856323187,-0.8568477006232714,0.11281892798008546,1
0.30623727741599627,0.10027124774760414,1.2053125714394857,-0.29875276707063225,1.2373410247722714,0.667786896248726,0.6170747342562304,-0.9827696514748911,0.8342013198085818,-0.7310774694122129,1.4076607371224827,0.4449947266873619,1
-0.9773530617169539,0.902619789466855,0.7466011782382718,0.5186703178833847,0.11290635217592498,-1.775967310747391,1.538756920299959,-0.6497588783321443,-0.9518800880657449,0.2805441983676085,2.6889246071323094,-1.2387499448921706,1
1.4491332273233533,0.22185379972753733,-1.1884193802231293,0.10712871074867654,-0.2066795552450621,0.6713119431106734,-1.4950839126515127,-0.5240039951145714,2.367519167473946,0.01138988713190165,0.6305010172337935,-0.7785748403374237,1
-0.6960381791769683,-1.1903556249173426,-0.33596709576337025,-0.5286569341811266,0.7467577042478206,-0.8900388587312108,-0.6973404704721853,0.8993407606439762,0.32972284039791944,-0.2746655469480488,-1.8443724273729334,0.22495948168362687,0
-1.3683902565641126,0.6769616481995613,-1.4025663164986533,1.153040825053313,1.3672811704840886,0.649644641393377,-0.7463875466746568,0.9661499539907522,-1.096731693247128,-1.215148728025349,0.7134480426348517,-0.46987492641273826,0
-1.3294960626293426,-0.6547498789052678,0.33879962562945387,-0.5338534571677768,-1.2038378962158809,1.8448247131384095,-1.2298357526530692,-1.4496387886758746,0.022021808844889426,1.662517951024621,-1.1240255960752883,-1.0230761093034058,0
-0.24360916575720742,-0.4115964378644146,0.2088679975916467,-0.10903504401784654,-1.7896505665097633,0.10362317320967476,1.4964260182636775,-0.4434723874746419,0.3508141522638951,0.44852733775696557,0.11756226973999233,1.4256430098160835,0
0.5005513568136694,0.5509701886735494,-0.7104713728344294,-1.430591259689266,1.6942003664041887,2.119373630917229,-0.9899994523075805,-2.0983631493130535,0.7567538426610912,1.405651409612269,-0.11019191912619988,0.6723910458563719,1
-0.2231309061881619,-0.8275261988965983,1.4835812286970764,-1.875658115755971,2.1930399997360848,-0.16645137099499607,-0.3530464643767874,1.15611199462133,-0.851219054914867,-0.2700849064029081,-1.2819901371173734,0.7902552476305029,1
-1.01593140669371,-0.8176932879394901,-0.7838449664101597,-0.7603277247749196,-0.09677220154183795,0.1404487136320122,0.3520132575256428,-0.2798723528701007,-1.0767702203786826,0.5856905957481654,-0.1497022890969401,2.343027646320049,0
0.14641138312121202,2.0655843473869933,1.068392167847778,0.3056520549495313,1.768722456381342,-0.0583385431756162,-1.287063383219861,-0.7606276873381504,1.7710894373509063,0.4085079569834531,-1.3662494659850695,-0.13200710789934741,1
1.203764349465954,-0.2433479787799019,-1.4284621357129121,-0.9909888316203538,0.7870871157408753,0.4603347848431223,-0.5794595038061442,1.2238070142528867,0.5168382009560205,-0.6183163196455514,0.43507236286018786,1.772510414739888,0
-0.5540217371659466,0.2678396982141305,-0.3578617454989817,1.7057212022677892,0.2974987240353319,-0.44921412336717703,2.1755910579160243,-0.22942264816916635,-0.9848272062117555,1.4674627676171919,-0.5431049401906975,0.8870860577701442,1
0.6647290935558479,1.1797922204392335,-0.16257617055205706,-0.628155952179525,-1.4544188489743797,-0.703096195995219,-0.3590666325382848,-0.14372320501555919,0.7545200315617479,0.11047964629213439,0.549566546673254,-0.45621948027234793,1
-0.04357353447915937,-0.030237919320215273,0.3203328253111153,1.1656310220598207,-1.1380777687775683,0.02779069815452162,0.4217851559189257,0.7800969632519037,-0.19634576969702763,-0.6726953149652611,0.16571363024223593,-1.564142771652501,1
-1.5301689457775516,-1.3393551541224211,-0.524937352200221,1.294803068049752,0.359263068669832,-0.42881395609647827,2.449982779763587,0.20381246515672133,-0.6266445762844307,0.1399281497346179,-0.6015625695416535,-0.006778913661791938,0
0.2892543079498783,0.6480944881519184,1.995357198612666,1.3417706063894228,-0.0033935851763933853,-0.3542196405516951,1.1687008427340193,0.3055217252109331,-0.6407064278523369,1.1216171553156902,0.21593042721908742,-0.6198086852270791,1
0.32896707816640974,1.3348116924753874,-0.6400548937137555,-0.3866976306172689,0.1259872918516866,0.2566057835610078,-1.3310221643536257,0.44346582086994474,1.4063282433329811,-0.21487133327507107,1.8825086826329347,0.47556409001001815,1
0.5475867354351382,0.2028044252981521,1.1160014457032514,-1.9451856537432886,0.13506152867043836,0.22894492444578196,-0.8656912329342873,-0.447556608528109,-0.024213858835026338,-0.3347011191010219,1.8924510653345483,0.2725699573672309,1
0.1851942587562663,-0.9719393301241225,0.04176858250574473,-0.6781639935517537,-1.193062409818847,0.11394745793512798,-0.7355148688721882,2.12510809728793,0.22424241962409686,-0.5466504192525694,-0.2977415885927475,0.9990044542946875,0
0.623571015512117,0.6010915744004806,0.13256691653560393,-0.5093297428344276,1.1509601819257904,-0.10303114981205219,-0.03520297538047564,-0.11678316004916692,0.62230722646788,0.08809163112082304,1.0317940510570176,-1.1024160890589891,1
1.9175923310398102,-2.4881793484757218,-0.2982575640654925,0.22696788743462382,0.09099066758778372,0.24664385530997887,0.5772678177348453,0.1567886993233857,0.7431186364138089,-1.8126017516747863,0.04368099588903001,-2.0428812716803284,0
1.6737357761088674,-0.7676465167786247,0.5515109861231897,0.6325448045608971,1.5764299964399995,-0.7445595906192964,1.4401850927931976,0.32259947704275177,1.0780348756712075,1.2593927193974828,0.2483481763731191,0.41775398585177087,1
0.6380774927324737,-0.48000111799504724,1.1095543073461305,0.8258448451813151,0.77981526121223,-0.2403731664946603,1.584465847932947,-0.32254446708604523,-2.166073603375123,1.6976597791621943,-0.06409403401872202,-0.5116234784376349,1
2.217884891478966,-0.6772289819745196,2.3261970370737455,-0.5474898011480643,1.0300582105393614,1.517834214727241,-0.3132864142804083,0.09281212624804093,-0.8281950639922818,-0.7821518377904927,-0.3128494579733195,-0.6282262931222006,1
0.8157034446214808,-0.9619067737247045,0.4766976200530493,-0.5246132032470086,-2.170507066866886,-0.5062150324321822,-0.1918870468069287,-0.4455947604490954,-0.20084051222591623,0.25165294488154016,-0.9385239012681575,-0.8827738349392265,1
0.08859092037734854,-0.5371419712040053,0.9717050647188072,1.9406833416026943,-1.6547328639737424,0.25411655529675237,1.0109309971954108,1.5645645893772642,-1.5549937497797954,-0.37798781406953924,-0.06569190001935543,-0.2583082137843485,1
-1.1344194941333778,0.20206863372858935,-0.15495030429363338,-0.2203027261679069,0.5559504797671774,0.8394686243112616,0.27052222961583244,0.6541981340355447,-0.586770987385684,-0.5718258453579136,-0.1837771279849607,2.3131545039015133,0
0.7569160747891533,-0.3021172973700523,-0.7456812073134644,-0.13293359078129496,1.1363377999829538,0.5515561986750789,1.8538139805269134,-0.5610786766547923,-0.002642283456134495,1.0353908500700906,-0.5096557690973217,-0.07549759351851403,0
0.006025167504527594,2.361150318293605,-0.002835174802480942,-0.4890275320171532,0.7955311146812313,-0.3372757306880367,-0.5701792757785166,-1.0290684600743196,0.42552726360948895,0.3543236989151434,-0.3664236653766909,-1.2258902447191287,1
-3.045274757703293,-0.12477804417080342,1.0495694043421842,-0.7489947549391845,-0.16383953786545433,-1.4522389730900247,-1.5823769843139543,1.4124043403015882,1.3157754185894275,-1.1116511536646176,-0.703664354161719,-1.2952362565722944,0
-1.131504516485335,0.7943168040205765,-0.7081404574121581,-0.9668941517051824,2.0909821824376373,-0.4932373872350908,0.07537942319274642,0.2798124990362019,-0.6297388517422298,-0.46558705589301586,0.31314596754118706,-0.9315678413145057,0
-1.1865235167795487,0.5808279125729162,1.2356572814085638,0.8541535774156744,0.5847761863826402,-0.7075253858143603,-0.027628294029641925,0.010740061221725996,-1.7680539869933545,0.48821026955646574,-0.9620281161804358,0.29746991443866055,0
-0.8201015217365384,1.335080249279295,-0.5061090284497679,-2.0287059786828494,-0.4578935024833727,-1.225283541517989,-1.201880137762464,-1.1523499500913412,-0.6268618901868924,0.28357126494903817,1.332347864053949,1.0476627875252231,0
-0.2873689050306544,-0.1405538993890685,-0.01961923299911215,1.9232601013898025,1.1447716976385574,-0.9021938933890109,0.9373972280355666,-0.23391309152089487,-0.35612768426843194,-0.5810059216747808,0.06265454192005511,1.3790335333713322,1
-0.6226710337780581,1.3976744674996209,-0.07950205033848659,-0.5760717606120561,0.35701077158347977,-0.26437628391700185,-0.08876316574925058,-0.7683244114689655,-0.6529646396155796,-0.5873752592445706,1.2490763794347548,0.3070687781991982,0
1.5957557680771406,0.4756376006172535,2.516381714077452,-0.17054961552370165,1.3942277595274464,-0.32851123250156933,0.48659770249312057,0.9870351271700378,-1.341962247931674,0.7162685144866507,0.07703980405235354,-0.002870664313954309,1
0.9199661802620972,-0.5627004509597898,0.7175013271724301,-0.006458466785570355,-0.10933567391695724,-0.2813256509569117,-1.0080010281515552,0.2668122280689606,-0.7894505402181359,2.510132371134767,-0.020708935433026873,1.728988859730253,1
1.209639679787067,-0.17151366744262053,0.4252860972744308,1.4472140748763236,-1.696500867263303,0.3445748459803484,-0.46316256041114995,1.6820716593208611,-0.006430523708271675,-2.2359332658655613,0.3599535359183481,1.3383926785863924,1
-0.5693978932808414,1.12965644112921,0.21706218151493745,0.8840789340939066,-0.1660461014663397,-2.1603305580482535,1.566028260921253,-0.327059126817978,-1.1786507784393516,1.0083712751283365,-1.6027457518577122,-0.07570990435773417,1
-0.14364098660153904,0.6912447041166427,-0.7856363086404629,-0.02134267046236551,0.09184554597172512,-0.28969175273658193,-1.2176658785794996,0.36170354468604327,0.36798485773944256,-0.1466734294310065,2.25937251939914,-1.2431476791783307,0
0.7081061863269335,0.8022222309017486,1.0850781945800145,-0.9939351952241375,-0.5530989664736197,-1.9616310379316961,-1.86064835756233,0.8247161354836446,-0.5694925821012047,-1.0334087872246305,0.44956186356652394,-1.9545663291615338,1
-0.9599658217651723,-1.9929968784839338,0.07842070244875576,-0.18717419829609785,-0.8369864379819092,0.5352933847320372,-0.7920094819204221,0.5009177756141457,0.8440597382418272,0.6357273683700624,1.1551856662300977,-0.19983776101856346,0
1.2172285989512035,2.44519844685412,-2.145907872341234,1.207506162587123,-0.9431744185961854,0.646862183260109,-0.9424999112957283,0.03855533374231952,0.13937213575971516,-2.3268335387027297,2.74511367011118,-0.7077753229960698,1
1.4091574883434597,-1.0513821539213462,1.6275583497794543,-1.055808533679868,0.18743760335229084,-0.6721675198426141,0.1940150154000569,1.0990275984429225,0.8384035429883335,-2.1386550122581482,1.8815973164106548,-0.2260210263185807,1
0.19618298368919257,-1.404492708679836,1.3354034502138419,-1.4554484175420075,-0.03440414431233074,0.093998505171567,1.7548053946036486,0.2069770327046305,-0.8013140472764071,1.2039335813346033,-0.8470028940154276,-1.2814000694320147,0
-0.5693673845174763,0.5227999198423128,-1.435165390757585,1.283718291652457,-1.4144647010169125,0.0019570532184108335,0.650434952438994,-1.1605205852794072,-1.91315799260416,1.3544135919285345,0.426539782245645,-0.05762037098040756,0
-0.5295177771028877,1.4215348858831067,0.32845081976065754,-0.3011137596027602,1.9168636326144144,-0.15537457184226983,0.4366147654557467,-1.388112408631963,0.038164366038056355,0.5055177431445942,-0.48561154299292514,-1.551099197649067,1
-0.14638876947311869,-0.022971588741992226,0.3853037586833674,-1.732941909814762,-0.18747974282850782,0.3571869379458288,-0.4173741980045358,0.693770269426608,-0.028575868123793566,-0.7000428684477921,0.19338804296310105,0.2657548066495684,1
0.4009913189946107,-1.839762337027383,0.9441545249476152,2.0432560287713186,1.302619546947913,0.6708691565420241,-0.023942164188149095,-0.8656534339066382,-2.3419463138500642,-0.015920956670132873,-0.8830159657814293,1.0773601940232014,1
0.23374491682307036,-1.194769164919564,0.09220231454825185,0.0836719870417322,-0.958126207175325,0.7591730859387124,0.767370465734769,0.5212279176714748,-1.283566795055364,-0.16570567308919826,0.6441595133783493,-0.3658640799263934,0
0.851105490413914,-0.26020383236611694,-0.756237769104777,-1.7778780772797527,1.1352192696441552,1.0604435167470392,-0.6440412229373634,1.1040314258664947,0.15278675359938126,-1.1927240291912673,-0.6400813812360444,0.3332231941396524,1
-0.08573932100992852,0.2350951516012543,-1.136399660709761,0.41597251212253095,1.5658577919527126,-0.7447993231110082,1.2463722156187536,-0.2414172696501245,-0.8039201324230564,-0.024013126660996125,1.0064590484085667,-0.02965211609208589,0
1.1335164567214502,-1.2336831306272324,-1.3317674943730964,-0.8925766975099488,0.4234641459679687,1.2314970649521249,-1.2298553144624211,-0.23869212512861415,0.7634899594869458,0.4530472734561325,0.08357984110092563,-0.30085160690382357,0
0.0410164286512738,0.32194384021188677,-1.497121534918551,0.4303529478145313,0.01603418351944571,-0.6470131637337595,1.101394989917403,1.5609750031648522,1.3812156664949222,-0.19627714562522133,0.9833988801382436,-1.6385405305850667,0
-1.0581706908055721,0.11675387850612431,0.9823100636893937,0.000745977550406258,1.2063046039949263,-0.06512841836256342,-0.3309495668327421,1.6031379965498158,-0.7707707178399874,0.7915135592931062,-2.002281007908927,0.0008140232778846089,0
0.18643031767963825,0.6674146407827237,-0.060005511537236954,-1.57114904752602,-1.1293460942672287,1.8939800225994847,-0.3735319528803284,0.2332184160083818,1.2348084775714099,-1.5305176800598643,-0.3128503630279218,0.5537914095208959,0
-0.6946253448609973,1.3081221910470682,-0.6040591951557021,0.7315044599753212,-0.14945013997240542,-0.36766789086108875,0.8460984638863517,0.6686290000546038,0.5396612983448614,-1.7647992589664054,-0.46437248690343635,-0.6380555788396964,1
0.9787359391748699,-1.6014818501032897,-1.1868739830471373,0.49471211459775216,0.16105734941412594,1.7091214030386517,-0.6180991731492959,-0.052868223837624205,-0.5580121307466903,0.4231513702462139,1.2170605906639835,-0.006861677501911257,0
1.4525044040436488,0.003945140479257687,1.1629860728882653,1.7464344193984138,0.21190883366930258,0.15135221063590093,0.7931622325328462,-1.6413671773153962,2.012674535392448,-0.12124978283274762,0.0033598919570280122,-0.624431913490191,1
-0.7408430776559197,0.97160963824649,1.3945211641485777,1.0412588254515438,3.2385003509217003,-0.7379477217753214,2.1812950178411423,0.5565011977527204,-1.543591570637541,0.9836958907792661,-1.853221829311485,-0.7269043665921354,1
-0.31488636601263126,0.6913820549110979,-0.8562814678500266,0.6741967049568779,0.42181099823337886,-1.3174763086667665,1.0699155663874607,0.05631413286369586,-0.09732771953449497,0.13312210478363357,2.1243599879347865,-0.48546632687623514,1
0.7874726268695948,0.46855165677764715,0.5194267277219071,0.45955282104884176,-0.48032252531727765,-0.27095320841106446,-0.9439587587907975,-0.8742948660119577,-0.55251709661936,-2.042340109861925,-1.7103244303958958,-0.27132281713939294,1
-1.724235606351391,0.37633125500390824,-1.6159316256049427,-0.1130783651807544,0.989726585948533,0.035373266769344665,0.9272193698268366,-0.7136792040042371,0.525459333988757,-1.3839827006305492,1.342474444593408,-0.47352079132613606,0
-0.3841315899695091,1.0660421977788603,1.2770268655237358,1.5345741659696892,-0.3523406215589588,-0.9538606216193395,-0.28916637457450495,1.6171046081207383,0.4621222167681392,1.320620627742123,-0.995986461701385,0.7203391878219673,1
-0.1965514338367169,-1.0441440168058596,0.7532275320922318,-1.4666894055942314,0.8982626783265145,0.8771705648129471,-0.550671914054586,0.9339164291075983,0.3987848085609082,-1.077081263396821,-2.976026208669549,1.6032524729424171,1
-0.41798060260456354,0.07002410271018368,-0.872536372023301,1.1572912579333705,0.1241440242756597,-1.104827906037406,0.4804552842590557,0.35432820055693476,-0.2609328349215651,1.3477536598859556,-0.12361192171147507,-0.8529184524329665,0
0.4866963866757757,-0.9076695985615084,0.4978440326679423,0.018965495550447846,0.4145592017489248,1.1257117648327368,-0.25995143965117873,-1.153956583764553,0.8062554208009878,0.9694031068334341,-0.1207369520258918,-0.022259934868949307,1
0.7452327745482262,-0.44358339921850837,-0.004927971007073557,-1.2498565460050428,-1.0368349829647365,1.1791984116272218,-1.4559142715993556,-0.3423521759960296,0.7815057304974061,0.7109885715957002,-2.2056655887663235,0.39728680843863395,1
0.35654687803266155,1.306208458850795,-0.3534122276433276,0.3979726398829084,1.299950771187022,-1.3593452537733266,-1.0849048570713278,-0.9010583399257387,0.5534818982055919,-0.8101565258094265,-0.18986284769315087,0.8627161978057303,1
-0.8354219114621757,-1.357427632705797,-0.8375472897869596,0.09332529047493508,-0.26373316867369484,1.2623823822031366,0.1250093648555764,-0.43868160773102094,-1.2070689409426403,1.0871864456473885,0.4201460032766824,1.1936419792042956,0
0.8400572161752977,0.412775462539429,1.134572137793666,1.152879844027937,-2.1124995615768936,-0.49600760272835565,-0.6936723385457693,0.1857785794667528,0.3220054823048189,0.6946112451922449,-0.425769782634678,-0.6449228656966485,1
0.6793409882081084,0.45777523281620236,1.1425748699148004,-1.0164156480022755,-1.0893718704261892,-0.31983707687897917,-1.2380346187394984,-1.2684835539630233,2.9882464367514037,0.9157543500049969,-0.4231387980876887,-1.862558946358154,1
0.0272357771687504,-0.4643957123271855,0.1470973083850227,1.2791977999286692,0.6431857199074131,-0.07824546167618764,1.54352915245349,0.07909736231195463,0.6764595931727237,-0.6662082852746669,-0.9828155041157315,-1.1818144381167066,1
0.368164389033503,1.4435578542538694,-0.30199865723661257,-0.009707223896085141,2.262469967542461,0.5908301029764812,1.1480787809816217,1.2848141477960071,-0.8355715106021836,0.918621584267839,0.1823958142294263,0.5078054538621174,1
0.9275675984424138,-0.14518835208294706,-0.15627335525320182,-0.09564546025403949,-1.2016004912348015,0.5179809119469031,-0.6925129670737448,0.15409369449362512,-0.1642658821116231,-0.606040653007277,0.21348960262304406,0.5154645354977174,1
1.3133892976083406,0.6074585166324776,0.9865765519077836,-1.0330613328770235,-0.6594540311864784,0.655240144869585,0.3637307298451137,-1.1129367612648229,0.440029506598291,0.6362863089743175,-0.31357024233013236,0.7606383114248777,1
0.6062983547014514,-0.8605684383364246,0.014822891996444647,1.1782254385074322,0.6232489524684353,2.0044271278634516,-0.5152707306820588,-0.062215131926136924,0.4156618649248172,-1.5206130213719833,0.7202493220097644,0.28589186855591425,1
-0.06323018194011873,0.3373740640425702,0.5607170386281075,-1.0616795301689308,-0.6188609833655322,0.8866958144009669,0.0393055852348391,1.3042336079501962,0.2069467506217415,1.808939750398384,-0.659479386452161,0.6124882355865591,0
0.6405728598845238,0.9544613214182963,-1.6215690631607118,-0.062219990195762236,0.32471473096291953,2.6086217859554353,-0.16506457742985214,0.7771163926360395,-0.7690649143341096,1.060684953559885,1.1323649531734303,1.8548390453184553,1
-2.7080390067429594,1.158390149173765,0.6291634016216564,0.5556859416587744,-0.9042897496958013,-0.23700809587795757,1.3014922203189492,0.32632677856224435,-0.3709063717255236,1.2746405974076322,-1.1936626502209577,-1.0180792062366777,0
0.3290020928447872,-0.9191115278593164,-0.2700726441551097,2.1086099264387985,0.6272711370891282,0.6331141011066121,0.3684109076588431,-0.2995746654180195,0.4554362108076184,0.2896612483412753,-2.236630565053935,-0.4533536738934233,0
0.35098419500327005,0.4032657505417844,1.7041177021436935,0.25478015601790344,1.4581626540557318,-0.9192643545152759,-0.27024857198256125,2.1818787589392867,-0.914874783950151,0.00507276998454306,-0.23261790193977736,0.5568282297928226,1
-0.9535129273157971,-1.0161839758540376,-1.8472654819303707,-1.5199399134548137,-0.9875748392901097,0.3318179811246996,-0.6003459078548968,-0.7062033537966506,1.925893372322607,-0.46254684238651245,1.1686844433720762,-1.9699600016659944,0
-0.5298781064812255,-0.8304620244093531,0.8399426288468136,0.024626861968314866,-1.0740946918261152,-2.0643906943262733,0.44223251221295967,-0.06918206007123782,-0.36561366888853475,-0.5376479811105087,-0.2392515917751434,-0.26593392577070546,0
1.3747512971547815,-0.62621064723651,0.7648344306686747,-1.6982410065755102,-2.06756112195203,-1.3632907392388949,-2.13184785189612,-1.3106825104146496,-1.2578450646731905,-0.7981144836380121,-0.1491813835603768,-1.0452105620592136,1
0.6848725364676879,0.7269355516181147,-0.38556369705255833,0.6008694641514711,-0.7081222892173855,2.197401525863673,-0.09846369798758495,0.799164855079927,-1.1272195007154147,0.06734786038997624,0.5958901318187748,-0.19628381148213714,1
-1.0995154689001871,0.17780812390660045,1.158585190437188,-0.5624344224596938,-0.6465944030135965,-0.34617290497589115,-0.9181549164728374,-0.0566680799184677,0.21531707565808114,0.4999227554611069,-0.8992997009884605,-0.5984696652519327,1
0.12973707106021803,-0.5814719750390931,0.2052128279293474,0.7466054511231587,-0.27532389355100195,-0.7695311683123381,1.4288557533797488,0.8414980753936914,1.260067109602876,0.335124248116522,-0.2625199274176274,0.8185744673551093,1
-0.024760282265687533,2.2817362617375663,-0.1488542933799987,-0.6734596000698223,2.3920921877461243,0.04365172652504326,0.720355725243195,-0.8339524777902048,0.22303184712238983,0.507110860781537,1.016203377216493,1.1091521754688736,1
0.7498844982742051,0.15123603746218722,2.472902807619504,-1.5345222470949826,-2.2124292919014086,0.2062137270852979,0.3473851187803954,-0.4536982065496683,1.3712811369944253,0.37367693351347575,-1.0668527330540851,0.22143818377685445,1
0.02196136674328067,-1.2457669103110416,-1.3939849260808546,-0.7526496808891785,1.1261598782583382,0.6901547261611001,-0.9474342273949207,1.2413055619504474,-1.518916033943974,-1.9314295118412599,1.5801256133455255,0.981704787499127,0
-0.8002797180372032,0.9778645385558092,0.671598963502254,0.6487239486929076,-1.044516080124272,-0.9674881372825542,0.497673229217173,0.16080634118132714,-0.011690547670018377,-0.0651843166420996,-0.19681455640054255,1.2213314827588584,1
-0.11369271342148707,-0.6367064152892875,0.8238338740522381,-1.0948097833358963,-0.5806262141029264,0.1478870294570499,-1.436706144696097,-0.11081371846687936,0.049702764062494166,1.6582969415449713,-1.9221450790372208,-0.2523463066476039,0
0.33104921457819786,-0.19674927686997606,0.9966970652942279,-0.9378002457878666,-0.19168932590729387,-0.07958983172842357,0.18650419755633021,0.4084851573507962,-0.05841018922295293,-0.8989736768015233,-0.5517370071883689,-0.19205422300342004,1
-1.148040459790602,0.639658668424896,-0.959267444929287,0.16754363426940078,-0.08559232348792874,1.6188840589628497,-0.18983594014528182,0.7408802952415994,0.6798655923221094,0.9542769431160625,-0.929738821203102,-1.6542889352631747,0
0.5713749675808385,-0.7443404553836901,-1.1656207590790144,0.04553367917623549,1.8392636000520424,1.5712560427009288,-2.3746354252949495,1.5471734285989438,0.7026141698891654,-0.34880530457555153,1.0458758026614356,2.5732122917215907,1
0.3378158141415691,0.0012231994730027972,-0.12488653430011926,0.9213131690031586,1.711518195076026,0.7483552923835479,-1.4979379936346149,0.6838560149188114,-1.2221655977336483,1.0085513339384922,1.3047342792461212,-0.20723564371210645,0
-1.3064577841906992,0.6887607559665779,-1.2863936997916698,-0.17260825156781423,-0.4108677368528179,0.12238288132342569,-0.5873759683681775,0.4537490036356178,2.052000980435265,-1.2468834256799177,1.067583230583497,-1.2228743705232814,0
-1.161842034353015,0.40193279684898076,-0.2515667945867984,0.5253929454678469,-1.3951949837603717,0.4461448637189746,1.6603989272637127,-0.46998391376608517,0.7755845816525039,1.6233581231432936,-1.1056249234392599,1.3495448971548785,0
0.6247290204023064,-0.5558202339419124,0.5712549002142512,-1.493088911483134,-2.0611134450125568,0.1871853822840796,-3.4019938096277076,-0.3590447556934584,0.1955531649690567,-0.09427228872140714,0.6121465586036072,-1.9017090923376505,1
0.15008853752895301,-0.14813247985856506,1.8083723826451212,-0.7507463464972293,1.5725696679072398,-0.8249778055136987,-0.2990444281213962,0.7760170810918868,2.0540867823364475,1.6513758796190834,-0.6903389563405439,0.15984925504606926,1
0.5190560360307352,-0.22948780749865616,-0.23442312066457865,-0.17306665440665733,2.4533720172310076,1.0966267596945314,0.2139468389124748,0.01640755092085879,-1.9746924562160197,-0.023199829401021825,0.03149807504411241,1.7593620361580646,0
0.8388833231552647,-1.3601063590939608,0.39776013531690374,-0.2768245556662003,0.14458821540978817,-0.612144185982929,0.031034774642103878,-0.18487809733899788,-1.343429542486632,0.8116033036127094,-0.03123165483280979,0.4494824845319952,0
0.6245850005633589,-1.1181314174617938,0.2155874358204691,-0.2437880470503636,0.9705399424239259,-1.4949973643022971,1.0333522025907038,1.384436683157542,-0.45337452607956,-2.165257909062595,-0.3938490982421583,-1.7625961772991918,1
0.5014274348384282,-1.7420722430932174,0.4639364177340186,-2.1599980284281473,-0.13649281260031157,0.6763105220654548,0.674221946855313,-0.5916193556284783,1.4136836974755442,1.744312602736995,1.455217443114962,1.7021082883878764,1
-1.6295477649251584,-0.051957256945465616,-0.09231848804080121,-0.8849580896109638,-0.11947727834052696,-0.6784665171994999,-0.2570295792871742,1.2424755334563786,1.025190369290456,0.2219264489349832,0.7706633251711265,1.6167440696896738,0
-0.7538740971934568,2.5853185537337233,-0.9764238885719952,0.7555061075166718,1.0969418631542904,-0.9688321729222488,0.08381323830555017,-0.14691020920431236,1.3425607437086422,0.7064166844967382,0.6810878717198051,-0.23457043604270322,1
1.0671062057529634,-0.850114954217388,-0.2678544724956181,-0.7580970845545897,1.7374540560856087,0.27323344207169054,1.24598494696703,-0.46988613831954074,-0.48303560112619426,0.08385606640273634,-0.6940221703020829,0.2825003667401949,0
-1.0355210936888055,0.08831887294744023,-0.07650221809137871,-1.169673488033875,-2.0920602990773,1.1334225289013768,0.9854552427367348,0.3536700088519638,-0.7478447998996745,-0.08384421684982432,-0.5354166314000145,-0.8490264602032701,1
-2.745059961599349,0.5770339160251344,-0.12439267602421493,0.4388500369190098,-2.5256651433103756,-1.447413627149509,-0.7175892059462252,-0.6977757139008302,3.0992030798559287,-0.46367076862534473,-0.35566253590666597,-1.0311328248112268,0
-0.36015954926410354,-0.9276232619023522,-0.1218124335809362,0.6519598531537719,0.4715546399112189,1.6210998488010147,2.0159468656458386,0.44469551447272065,1.1972781912667922,-0.08155677665245961,1.2675677908754128,2.2293285664785505,1
-0.5578681213145174,0.5686396472220439,-0.07597565978510543,1.3136212750308045,0.08371838453726281,-1.64914990035142,1.8848063148176293,0.8011960158132618,-1.1900885249423918,0.5458960535741884,0.7609714617128609,-0.5784776382607568,1
-0.4972994766591437,0.6869593107703159,-0.3837791610597822,0.07688635029843185,1.2976057444516893,0.49285182473009537,1.3449091203391277,1.7760719163838774,1.0252632034077949,-0.52690153126345,-2.01257566711064,2.1709886748828096,1
-1.5071284680904713,0.9421723867647088,-0.6977118983335331,0.8545053734823749,-0.9450440944265281,-0.7358078522616897,1.0167677940111186,-0.3354238368016445,0.368263942851895,0.8007959472164692,-0.23805231277481217,-0.9170552167371521,0
-0.13413012114423659,-2.0352208928974798,-0.18537775804649,-1.2017659917812435,-0.8928747408748202,0.3823190572754295,-2.127731660499612,-3.1255704853593427,1.07009715695257,-2.408601299454088,-1.1352102086866322,-0.7251207388486987,0
-0.34307468449679573,1.3444665544681773,-0.18619411518533105,-0.24062006560783183,1.020577222688817,-0.5768741703831483,0.446215292860126,0.05223231294468775,-1.2158224922957948,-1.2103091113210438,0.3383674184517115,1.0947124733163485,1
0.3501971968059556,-0.10843881107175077,0.8556044875845019,-0.8982842628192778,-0.9203492702253492,0.09789548526208376,-1.1412062872481075,-0.0708768403190891,1.0637989604114872,1.2996660056305172,-0.1078553535990218,0.6630431887172734,1
0.3442915879451149,0.9255411849279733,0.8985818977357632,-0.6210867817767667,0.8343472950202578,0.8679213596031088,-0.4001389469380949,-0.5590132507945226,-0.12167357815256023,0.07541167043464142,0.7442456584367523,0.8409992437112603,1
0.4039172195418211,0.31871232327980153,0.06439460991126457,0.62626066975328,-0.5788834061759223,0.5608640206430594,0.1668506831800538,-0.6790224618996142,-0.563599401882641,-0.5509496499842691,-1.6194895160353677,0.23593071133257063,1
-0.14781477179333002,0.2136067492060833,-0.9810246134364173,1.5483997633514128,-0.38197583476698976,0.26325556343826584,0.9224047844041225,-0.5813915063361038,-0.8947206488670237,1.2072754920567146,-1.267352076944347,-0.9677797517543177,0
0.4885918631456899,0.15188051830680047,-0.7603279018559111,-0.5911068719072671,1.415499318725041,1.5228437426541888,-0.5246750074953466,0.31715546054084753,0.6391494861073441,-1.6772628988001308,0.06262152445772642,1.2034626911970563,0
0.8430361715668828,1.4718537720857583,0.6175313272271812,-0.7888270323584878,-0.8392206412949565,-0.1600902371268441,-0.623981646902909,-1.377492421970298,-0.01100247390082505,0.35855866990689284,0.8628339333599002,-1.416506041945963,1
-0.9834919230073405,-1.089814723753337,-0.2094148995862542,-0.42539338376502933,1.1189452690502548,0.5869974867511393,0.45194327205580065,-0.47047188286240293,0.3055997348215265,-0.15657624345084742,0.27281560504310054,1.8361860929077456,0
0.2403301185004807,-0.78640977200131,-0.4125991168768039,-0.8254392608077467,-0.7756714123416046,0.9317204534264766,-1.7595599138279998,-0.14088473547166327,-0.17021249651798956,0.10300937276117769,-0.6798988735978514,1.3823114578153886,0
-0.19091784164241205,-0.45499378880656555,-1.3327263587534766,-0.6417710755513549,-0.8319214737017698,-0.8822255588478788,-1.1219490403542252,-1.9338833380401366,0.2732126265224495,0.048882440978059334,0.3309331347759969,-0.5301045088364652,0
-0.7814197901318728,1.5021413147902265,0.2033380386609903,0.4859447275274122,-0.7105000447059855,-0.7930873300432936,1.8016091131281071,2.100005929478321,0.7391403401436164,-0.947502070769055,0.4897368804933124,-0.11407606850123568,1
-1.250431935257377,-0.26866936589111745,-1.065955521943661,0.08537620784617954,0.6120922364664012,0.9845136217505619,-1.7012441466457116,0.12994156170496143,-0.5513316652523831,-0.8860525135205981,0.8784519640952838,0.5289839516494204,0
-0.4949345314054579,-0.3788461201222903,0.6272883933905705,0.2467013918147373,-1.2563144518747382,-1.046853044351053,0.9667798243144061,-0.8777608700361731,-0.75982351678688,1.3616899196634764,-0.3693055167256577,0.2593158964540619,0
-0.07959758396139961,-0.1151805880756204,-0.910206598105321,-1.0264619228094887,1.463040088220633,-0.17574042905299456,0.1866103751724908,-0.4826931044866343,0.10989104325259509,-0.8050186997154597,0.39620989324316835,0.7498050217009776,0
1.8750556273032932,-0.1195560322283445,0.23168412675378577,-0.2759271323219403,-0.20407978051537062,-0.6273575839796776,1.1064463588857092,0.2695586088562965,-0.6532807509888422,0.3232666997021293,0.3591732537348831,0.15808879527012315,1
-0.6727899931442357,-0.1274899821425068,1.144274774527806,-0.11433222405966623,-0.2872522768087856,-0.7240576347199873,0.7141863656296201,0.1512930763637793,-0.08268966263854667,-0.8888750627117444,-0.4971594663387879,-1.1362703943414947,1
0.05014888774073627,0.2724309601565176,-0.7601200163202256,-2.068154264672368,0.20719059173005377,0.010362795287193907,-0.7833109352347426,-1.810728514853205,0.2640913495969843,0.9958318642468944,-1.0186726580428613,0.5586983586932674,0
-2.102307007418421,0.36480431648531614,-1.6943963133699742,-0.17420412274061253,-0.6474919975973324,2.0930218656279513,-1.2392446419990961,-0.4976623321936852,-1.1929958599148291,-0.4988065652821849,-0.10453228578412845,1.5277941883179265,0
0.8838151875559388,-0.017066836627652363,-1.067284164371881,0.49409604705017734,-0.10156660597965067,-1.2643784404625191,-2.6048858831513146,-0.07615764298135161,-0.005830777180549708,0.39320369176027886,1.3127510693982958,-1.531521712807184,1
-1.0930217314022044,1.2141424277121335,-0.06971965158920378,1.10281491027843,0.5534762425882683,-1.9094587688679245,-0.17982379138390028,-0.5186262654960572,0.5345146996300739,0.8999678973683859,-1.0394535725295109,-1.0910351578712363,0
-0.17942619500211288,-0.014569793591877088,-0.7226176279288602,1.2845577385841231,-0.7821753282513892,-1.5850391262058086,0.42123272275431184,-0.8638203746475707,-2.24166000661832,-0.1843615473281398,0.8483522877345183,-1.5203050412015662,0
-2.3836895455630116,0.33720690985409496,-2.219919225996597,0.4218491064031003,-0.9686923339121755,-0.7936960612545987,-1.5046259540606857,-0.996438810031697,1.2484936857048066,1.0133041406890262,-0.6771598086528359,1.2399336991394827,0
-2.529282444282641,1.2465012334440513,-0.0008652216646159473,-0.3497434511839306,-0.5903245843918039,-0.3729470658872701,-1.192124081875432,0.5257323038380984,1.1909715382418553,1.5846271198186308,0.5540278681464551,-2.0083232096264116,0
-0.1771230619652597,0.4774666568088668,1.6756932147564652,1.1705619452754101,0.16473185485454359,-0.9508052047121452,1.306136594064836,-0.5934225652559709,-0.4006826421910621,0.6528755525735248,-0.5153174061274235,0.6624724506506807,1
-0.41486879534217097,-0.6983508291835417,-0.853603806208224,-0.91770117760206,-1.439903177101494,1.3434074025177358,-0.5797947440691748,-0.6497130980009024,-0.36803109478549584,-1.111621219396984,0.906810036479867,2.2225014984161837,0
-0.1910498130503572,0.8407383386544565,-0.5903568533282021,-1.3516820316234457,1.1680929909981022,-1.3566545982097145,0.09613354419908084,-0.34429843954486994,-0.16329472454688335,0.2068397087450373,-0.22626014788705595,0.13902539948510645,0
0.4043335891118672,0.25446995286669366,-2.531789119336381,0.1331986688386819,-2.0457647004264277,0.7327530400819403,0.6363664041820859,-0.15433811464207717,-0.038998983438087054,0.9506051612972732,0.7602752343423039,-0.6940619626338875,0
-0.22356197762379423,0.008341092330877663,0.7986488318725825,0.9388511027485841,-1.8069231182791852,-0.20719048160164746,-1.0733036028937797,0.1651385601130415,-1.5617750989291164,2.802913954625868,-0.45895957843371565,0.6226148129804461,1
0.4575935754662523,2.7167963636973282,-0.3259875054788488,1.4957996314536588,1.436143104532684,1.1343376276671022,-0.17250413653188387,-0.32416961896165747,0.7535293527015106,0.33070506963140806,-0.3641290785359313,0.9186243081149512,1
-0.23716769516673578,0.26595387468021053,1.3723149613979198,-0.01529921663318828,-0.4434197469293528,-0.4033500803277198,-0.8871623800842839,1.397906724055255,0.18412996501851553,-0.39651570375683387,2.4487626784422,-0.5887104416137341,1
-0.5350692199204733,-0.08484024394353573,-0.02737231187628877,0.38957484076901144,-0.43644235984656676,1.7982650297814204,0.030719411517705707,1.0205060939084842,-0.6429393291494354,-0.2571338486398683,-0.6793482715330822,-0.31923469135618254,0
-0.25869443728995856,0.9543220110693355,1.3562869510448494,-0.19443678614681398,-0.41780005676677984,-0.2507773211865367,0.47652667326538933,0.35186317647765847,-0.2916918893143664,-0.6812846533893083,0.23317080518796454,-0.15710787491555614,1
0.59409166171023,-0.07593314336578477,0.4296214001690566,-1.245205818255846,0.05539512383492327,0.9338614474980494,0.19690331743261286,-0.5534427636037964,0.7077942813880743,0.3029050921361345,1.1808820135145839,-0.83921559909695,1
-0.37876278724819196,-0.7002262017846013,0.19845874179602377,-0.06228791879505889,0.6887409355276783,-0.05767197014581489,0.7550890948717173,-1.2140706854444319,-0.5020758164460127,1.9781050111263878,-1.5620055228070115,0.6483330603605221,0
0.47474622437218583,-1.9214799982922919,-0.22780968813135002,-0.5289593592035976,0.005510369631162745,0.3022415474947062,-0.8760706900392301,-0.9817761431564231,-0.8136480173153402,-1.193422952394652,0.2875095621634595,1.5657592613829685,0
-1.5390491793854868,1.7798141970162036,-0.06844530866904164,0.11005888555558642,0.40839479584961946,1.1483950705312078,0.48130813062220074,0.5533019821527221,-1.495020377426882,-1.2666437906381531,1.2067553494392742,-1.3070764751117885,1
-0.897925655427854,0.5080767319106329,1.4455996876049961,0.35042291194790814,0.19333525212675337,0.693495405121321,-0.4202274228138562,0.4815690224163478,-0.8623025888083752,1.1560647787287486,-0.521603083845316,0.131049982137732,1
-1.8229798151102223,0.5517921664367396,2.320804953358459,-1.080348871409285,-0.73242012265716,-0.91211123750079,-0.3324271188320213,1.1717354082704776,-0.5314464602231309,-1.2503611521541549,-1.2562908456490838,1.7059250692166406,1
-0.17089624926263142,-0.23791740559457367,1.8415421508014607,0.31977730752547195,0.9772165943061778,0.2518999655080123,1.3487169341068295,0.029209856509348122,0.2197751961292313,1.567417584569544,-1.3895993836218872,0.6789473720462554,1
-0.5956168039524148,0.9019087660334053,0.38996082218807065,1.4824556743044999,-0.8957163851991929,-1.823250399784062,0.4519962458194113,0.2329553912652201,1.0037278274248709,0.985410325137655,-1.6352084582802255,-2.007379206365051,1
0.554491410819233,1.2654301369031056,1.849990713303148,0.7004450324227314,-0.47978734081551283,-0.6687664066466495,2.1982646165471915,-0.7318932742045995,1.0786825862797074,-0.024001991818532208,-0.8833822824912378,0.357543088001364,1
-0.901033529436895,-0.9322018651764719,-0.6990950836189745,-0.06605394168921966,0.27019990224351503,1.4921337060714621,-0.8796453651142541,-0.4840603984364617,-0.33448197270556074,-1.1202231652765569,-0.468604481486627,0.5027953468710293,0
-0.4278362039219546,2.786643567242035,0.3688215031025176,1.8506834707449553,0.14799464784195177,-1.2332109390671815,-0.10442487393821204,-0.4637431934589034,-0.05293173373003322,-0.15761008378912447,0.3469525583546142,-1.0775300977423825,1
-0.7267907161722247,-0.38562458399601923,-1.3637485386592412,0.3497447109768129,0.734961994421331,-1.5970125317263257,1.4466643936204833,-0.5839613069408224,-1.410953313959939,-0.2439812643825538,0.347233752331318,-1.1002386597489253,0
-1.8728561795661394,0.4529531603215688,-0.6068417826289678,0.14425511902860597,0.004322312607295195,-0.24226317872683706,0.6751117053962038,0.312486519750718,-0.14369288409718622,-0.3591522863289944,-0.15846124295252081,0.1904741858489034,0
0.9869877881597159,-0.5606750970785638,0.9461498247164329,-0.3359566479699646,-0.34007693820996193,0.1496725823549143,-0.021761354277063015,0.05527751514615738,0.2855072792225494,-0.1272968429005088,-0.04111550375169138,0.11319620612258952,1
1.9983186817918743,0.05239606899732213,1.5601139224626475,0.6592276427749376,-0.42623867448436614,-0.8725787645752333,0.4216733582133797,-1.3411883006911314,1.7685169902452438,0.5769815142552136,0.21491525860689165,-2.1596243938542536,1
-1.7583650093326364,-0.6948792250620943,-1.0051816107742857,-1.9193598265449865,0.9272342725367861,0.013749933515126787,-1.60126570311487,0.601384891661756,1.2558229326348371,0.41281850348997184,0.9560124151846331,0.46905896202656416,0
0.11751245519556396,0.39203710913823137,0.9721937493089444,0.26391262927545134,-0.6197249238975013,0.030443047060366695,1.6529134955948124,-0.3210420064223556,-0.7083814714270756,0.24552280578216468,-0.15458936575436177,-0.6288364747145305,1
-0.3728099700611792,-0.14163813834615677,-0.021690568244321095,0.2895885555303137,-0.5071585207726629,-0.12366599844082013,-1.4006692848151214,-0.10899194778467108,-0.7768014000180417,0.05107568685767063,-0.33966391598308127,0.5477604888518147,0
0.8695361728202691,0.2690750629745077,1.2214788756796977,-0.14802973956123525,0.7434052264505657,0.7315193580899082,0.07712093447534188,1.1313647000795435,-0.47116095987693324,-0.849013854134107,-1.7887668346484813,0.21450612987544979,1
2.4046593191782115,-1.43571713615965,-0.019203822312364463,-2.312151257764226,0.7712861340367921,1.212241940246295,-0.14700367699960962,-0.3555763414038476,-1.7342007192453854,-0.9920060765890623,-0.04179186251793344,1.0057883503786866,1
-2.1047202342244162,0.9970118073372061,0.32812020695054644,-2.120790207706198,0.15629553040403457,0.7754516373604823,0.8657684712331649,0.38619529914369005,0.9634262897564503,-1.0066771743608058,-0.5422353885205881,-0.6402904768214798,0
1.2818649775155873,-0.08236887836548139,0.01235905843426786,0.2375401417247264,0.45575217002732743,-0.16212891529291587,0.6852819109511606,0.7051705418524543,-0.6066185077912222,0.4250582599247175,0.7790743157551827,-0.15967078624707937,1
-1.3507906250216384,-0.8951082864541169,-0.8525036082908056,0.31369622512110523,1.2077495870160657,0.6126424788781272,1.6191072727614828,1.4796058215377104,1.8590962083619471,1.0745027286056266,-1.2068149039698557,0.5805420891874181,0
1.7254309074693852,-0.06929913318256167,-0.3901259624999319,-0.3923038291942988,0.14716325804843894,0.03352177772047571,1.161097913797097,0.8836469055245203,0.5611622740527866,0.43874721659450006,0.31002135386764584,0.1704236742569374,1
1.3624786074893291,-1.205405551449598,0.8505606654461374,0.3392642521740025,-2.0184259567650487,0.7004218276322401,0.7871140451492159,1.572482593044186,-1.718639921065573,-2.17252761162942,-1.3944887614809582,0.47629559906352514,1
0.585545525567075,-0.7887083790828606,1.0932985455264141,-1.5990625493341208,-0.07218795904383306,2.597006772943803,-2.2887070436079187,-0.30381480638388003,-0.31072083328909017,1.0926049679851921,0.3392354114511596,-0.058490404936978165,1
-0.5386128312832599,0.9498392666695801,-0.9068481783359749,-0.6362255548764754,0.8222984080318092,0.49101592898682883,-1.5497910162173802,-1.6047160297076009,1.3962366779420414,-0.4053091289976581,1.5634114367590235,0.4977889660076903,0
-1.0971544680431415,-0.10194488257673327,0.9661527859968352,0.5154872787143213,-1.601728671167295,-1.315414460517547,-0.30975378100633943,0.5409753529332461,-1.55257067622728,-0.0545963334206441,1.1213253524371745,-1.744628236792185,1
-1.442658064193041,1.8679425709732878,-0.38953375635043974,-0.7137754424978037,0.5256290494355068,-0.18178549099841818,1.0647596550598828,-0.8867965694313382,-0.8971790640557739,-0.29035554817966663,-1.0517441605803546,1.2013050026447851,0
-0.3704159312728953,0.6807713809129223,-0.12035908291916596,-0.6608663269981404,0.5114476513709674,1.2870941382725278,-0.2874819336656065,0.7746096150439912,-0.6232385282660663,-1.3848471587244011,-0.8610087121441945,2.1959897018407597,1
1.0411222382646375,0.6436986118162473,-0.07161650519116992,-0.5293035683383803,0.03135672816249111,2.8545316671014245,0.2224569995971882,1.5090908708623305,-1.3230077096391306,-0.10573018880122795,0.4393973761220489,-0.9193524393339089,0
-1.2756108490358276,0.7685364881515422,-0.8361189711210397,-0.3330724515365878,0.47754525751472116,0.5348057402233907,0.7050794464670168,2.092396302750288,-1.2779221055701453,-1.919146187331366,1.3016137330734865,-0.5867786597226754,0
-1.556491989183861,-0.33786353780484973,-0.5154664169859114,-0.24087593092947995,-0.11242324217195981,0.0008340501404014972,-1.0836038378075594,-0.6018639897258328,2.3342028387136438,0.3138358722630093,-0.40038252413031683,-0.4115217720231706,0
0.9344454874057462,0.0944852754574061,-0.15122993281060346,-0.3905282589883974,-0.4299070444813845,0.3892393665465333,-1.3364050636944942,0.2855561599813265,-1.1227204688690495,1.3281629836137383,-0.13439436048207923,1.6431418631985182,1
-0.3727717568059579,-0.09105291115099619,0.1891916925717525,-0.2908838442175795,0.0914830919628438,-0.6633443350993665,-0.5413771028124204,-0.41115268591750836,0.21850708437137215,0.6672774297019478,-0.053160893743617536,-2.001828279661712,0
1.372482154919832,0.33973451713386454,0.7540308969669443,0.17604472332825033,0.38376870915290856,0.23509175972548596,0.6146474980404582,0.5399032955504582,-0.28719953249002134,0.0037690733633429095,-0.7103633474842538,0.41124417719707174,1
-0.9552212604701071,-0.7918296918536968,-1.228653319674583,0.5936334967475158,-1.40566389124231,0.5757918326795102,0.15494848649161622,0.15484823140755996,1.068774283597403,0.5909219849744964,0.20659193339947843,-0.573952106150123,0
0.5711930635354333,-0.5486399875284905,-0.5047325294066456,0.3456865870281186,1.1986628794107377,1.7947227820244505,-0.13365048912804417,-2.1087633538465473,0.21513796086725814,-0.5316390213373156,-1.891285075624627,2.381812750399068,0
-0.21538701816230524,0.33655030077107473,1.338412692683855,-0.7330168011026794,-0.47535665243338876,-1.2456528064320553,0.05170640674238016,0.0840939055253844,2.629664846068346,0.9920280199019836,-1.5219980177904735,-2.6045159988290862,1
1.0246905416117145,-1.981089771437225,0.922996173693849,-1.3614756422374485,2.7870851602532745,-0.4273607227819963,1.1161213062988753,-0.09498519967568002,0.6215269655958551,-0.47166489706943376,0.1568747999741406,-0.4377539458321895,1
0.4843585810539612,-0.9589660463118979,0.0322896840420005,-1.1420844509747055,-1.2214577421103276,-0.5488938727974311,-0.6576031222980382,-0.08805138107983279,1.328800073578486,0.2204210800216657,1.0069020180711965,-0.41951570825612045,0
-0.9666903377326445,-0.00191548993975812,-0.8518876538855987,1.780896605953589,0.759985216738785,1.8116933767217087,-0.25807544303548396,1.7794801804547316,-2.4334484750700276,-0.2548768552014794,-1.5880318330107994,0.9304193348292299,0
-1.6320797439206485,0.35323363124534135,-0.8328857792025953,-0.8541103450077933,0.21859564538653573,0.05720716458426502,-2.5008281032509108,-2.6046930224894917,0.4848286516428119,0.5263192663441713,0.6036895466979533,1.3627013342914573,0
0.37203733419638946,3.0331401085933103,0.11452667328754677,0.4996401863892941,0.15016416218650308,0.6976589435507633,0.729155566763975,1.1839918794556383,-0.22436930869760216,0.29324126039847065,1.7578802479227382,1.5341688059814422,1
1.5651084592001017,-1.3737501890508617,-0.4599842318535996,1.933381509944002,0.2984048782580894,1.8836799727378293,0.9237087485794612,-0.24621241534578897,-1.1698851621422823,0.18447518457891116,0.24217391807233551,0.8401316104504993,0
-1.1407513823834934,1.1861616879357004,0.16223830897244923,-1.1236589453516748,0.23052413271452,-0.48119627917350655,-1.6857832098904433,-0.07698109801240136,1.1087122159798826,0.13468093299552425,1.025625208873822,-0.3287690639963978,1
0.1760576926614047,0.665032156842327,-1.626238255643461,0.30580702840636526,0.3392576192905539,-0.12683875989615287,-0.4498530111357797,-0.30329923058961483,-1.0479706892614533,0.49414520180077626,1.0647178496385474,-0.6098506675333977,0
0.4975387340901618,-1.5452539758168302,-0.5656703141160366,-0.6572523302751864,-1.1800478142125712,-0.8381647694482148,-0.5446655997035684,-1.3998896612525806,0.8213007399855367,-0.04295506999720835,-1.6054844902867815,-1.5473426865807658,0
0.8262935467689028,0.37488009284321644,0.1295802201620581,-0.4493968992283187,-1.2715071672376066,0.3661086971629279,-1.8383074756267281,0.10222142879782073,-0.17227187509219385,0.7346925522816947,-0.8384826240835604,-0.038266527433205993,1
1.9164401564108626,-0.31595780099949233,-0.6462142943284997,0.07729448478218959,-1.364364637375113,-0.8564436908738478,0.7177288157825775,-1.1887026074423215,0.6551356083474933,2.1361366669805344,-0.8573579653546373,-0.3012010659401959,1
0.7831169500616495,-0.4810620573369175,-0.2491155759310678,0.7369790074984449,0.35945752959401295,1.575513387445585,-0.840143852412759,-0.016211754348056752,-0.8406504711422039,0.6608088556332455,-2.3186769575003847,0.2356048213047059,0
1.323154077224846,0.21360966886048371,0.9826228085554245,-0.294097693313623,0.3146425586844912,0.5470555388240751,1.9649944192130624,0.3417621873308481,0.4845581955683774,0.5913958493199135,1.3147296752668904,0.09633233148948862,1
1.3607995781335815,0.6570907907094994,-0.12191630275259267,-0.2143029990030614,0.23145586785361283,-1.3371401150957112,2.4279423932108415,-0.7389836967012192,-0.8091271587928922,0.5358587314789817,-0.7040569351540626,0.5898991740619133,1
-0.17996341820941023,-0.930000549745717,0.7173232116208617,1.0518870153006645,-0.0851021204434712,-0.39858000350923006,-0.22785402175283134,1.4279479914903843,-1.102595478707824,0.02898094173254781,-1.3516924791632994,-1.36408455486052,0
-0.34564873051427064,-0.15508395404305533,1.1820170862677877,-0.00825144381843941,0.47435953054415836,0.3103727169190945,1.1102155874187154,-0.8440074599116921,0.14957583084653017,1.1661101640513336,-1.8330377748297695,-0.3061035933212387,1
0.43189380403021305,0.128966876906232,-0.2306449163144866,-0.9093834170510953,-0.6689775158500113,-0.1545006716783476,-0.7837132461929581,1.759894985955967,0.3310561937491901,-1.444817379033424,1.860047854486195,1.4687180691263835,1
1.000208900933931,0.853500340859201,0.010559139052788678,0.9015235612736459,1.1578857469502153,-0.2916775284461716,-0.45701197652502884,0.26264996747458935,-1.3550985798668524,-0.6144157028987296,-0.11753158679494731,0.4864074318828443,1
-1.351570616540348,-0.2880739144789987,0.5160847766492035,1.1618899443210098,-1.3603072343289895,-2.198838313900883,1.416476143704803,-1.2948943386053098,0.13574387734126953,0.6249039497976566,-0.7761224026301216,-1.9293799332543038,0
0.6665780512426567,-0.5079715380379275,-0.438400814874192,0.7078299949879406,0.5675654805540118,0.34220439575022504,0.4755260212050706,0.45109893170244897,0.09177650231810937,0.8929328262034648,-0.9268488680564754,0.3097978248533779,1
-0.30012047098458927,-1.3503702431614628,0.0574262663428838,0.6722073224023513,-0.3087171060309289,-0.3375940295464282,0.20309908150923336,0.9654192074993149,-1.3946065476930176,0.11086559710926104,-1.2570624750522268,-0.46234407593804827,0
0.5168472574589664,1.0828238306125697,-0.5168410783666523,0.42069468689108913,2.7144381872044288,0.17801844321513505,-0.2062557063881265,0.3660408382491466,-2.1941163092101394,-0.9144680488278097,-0.8627454046810625,-0.20667212367691648,0
-1.1303287647642504,2.096376338036091,-0.47939226389056466,0.7330719568755182,-1.5810766770441274,-0.14886397331562376,0.05886890559876857,-0.2913830221066014,0.02173727513124815,-0.6476009227027278,-0.048957507805875676,-0.8332549929513938,1
-1.6403740127715007,0.4812653996156024,-1.389985036689867,-0.6893275919750107,-0.8004734186955977,-0.13026424096319442,-0.012306613446270515,-0.6604640524412083,-0.9749194078563798,-0.4530839866582324,0.8960845539564247,-0.022932285848300638,0
0.6392861174155913,0.9886407922818049,0.5748473825914747,0.8734116233918251,-0.24927806445554207,1.110043503770062,0.21539496094050545,-0.5858855594194882,1.3603980309432968,0.6356299277113924,0.7309467291135652,-2.2257792112378456,1
-1.737913111098586,0.18657409361850275,1.0240026771387156,1.2900265782492533,1.179717335831362,-0.5966948732767954,0.49621191982708984,-0.1898836716711771,-0.9054111658174218,0.504432938611317,-0.9056145217017675,0.5039843210539474,1
0.14073462527669084,-2.3036477140400144,1.3751237883898675,-0.5614425258185842,1.7239534168822461,1.051711555744793,0.7829136847607978,-0.18457677484239798,-0.09108292545751172,0.712437408135162,-1.1533328761386001,0.7597779540298669,0
0.317204505029662,0.060319412303715764,-1.3207254429470792,-0.13589067056478887,0.23727311643986604,-0.24076111557493077,1.4408060078527392,0.4227113539038526,-0.6724776304272797,-0.3664983000801288,1.6904191224340193,0.3041011081335848,0
1.1562405123904616,-1.4050744122577312,-0.4874707972287352,-0.37376135491403883,-0.7324742255705338,0.7465527749529034,-0.15843315812123726,-0.8213050841369025,0.42043273706758316,0.6907365892034878,-0.49478940415772277,0.17482088794587275,0
0.45574681257801897,0.9746745277309037,1.1513686301694015,0.38270301968501536,-1.8119902911215338,0.7806958474542446,0.34101898575268635,-0.29340755448559525,-0.27733401537904007,1.3740238793898756,-0.058848111203271755,0.44169384129579053,1
-0.3551268929817495,-0.5807842019881903,-0.9420309448249101,-0.3544030117860864,-1.8780692109826158,-0.626545385424101,0.5823266943887643,0.31571904423847275,-0.9861755152915953,-0.7673918574316275,1.7853945000086924,1.1895770548394904,0
-1.6203900680373633,-2.6114788611894943,-1.056651966977569,1.0043803617465041,0.26021685356915614,-0.22890090835256724,-1.258138163176514,-0.3898624577375598,1.279704673012108,-0.5465586259408973,-0.916408511289181,-1.5358749099485225,0
-0.4729300356069712,-1.213916446777333,1.1539347048030097,-1.3142711019496727,1.7702704579009072,-0.7443064086671684,0.06324090265204667,-0.0627358241385533,0.09847961389590944,-0.7386076170280392,-0.2616911288922047,0.37953101972972525,1
0.3267939674382864,1.5161028999234845,-0.7088139618696854,0.9495799424921236,-0.07368729633761431,-0.34192814177259145,-0.8794503160189208,0.009961100385591896,-1.3599871852896726,-0.4861452706895668,0.17492449022346487,0.6820917303328771,1
0.9763819815750889,2.723595256791561,0.26265965259337914,0.5203552812438113,-0.36510955842828424,-1.17042761242817,0.2458420724458134,-1.964003417238276,-1.1783232121493517,0.9822517647859815,2.4951830445112386,0.012734864741243789,1
0.4566360331344055,0.23015550736914372,1.2914868087006033,0.5546518425617358,0.11859523942723932,-0.4410719172793247,-0.021200079264114772,-0.314652641927131,-0.43930959919017476,2.383869862748509,-0.726625069140851,-1.717101683548695,1
-2.0449376831484036,-0.1722191095587692,0.24552432101865648,-2.1798521573408083,0.8512726120765232,0.6496359415067744,-2.029349044694022,1.3043241859584391,0.8356307790579748,-1.0940106691279088,0.9393563229113289,0.7947294298545745,0
0.4602676393477478,1.0388202450534485,-1.7330792213850414,-1.1520425843200386,-0.4293850299998307,0.32139264985875027,-1.1736445604331371,-1.8359993433440902,-0.43752003986923854,-1.1595091984082782,-0.9452672046462355,-0.4514354609668245,0
0.21345543096485517,0.3094872191520362,-0.4340080257345826,0.1900276703111545,-0.815025128765654,-0.5777342853305549,0.013326274159376393,-0.10531180721689176,1.1376576114608352,0.23779711600948703,0.6567692136710044,0.8752169683598602,0
-0.5111235752941062,0.7238109553900086,1.096619325901408,-0.07243081227279105,-0.263268253814094,0.8773329805743967,-0.3930145797356944,1.0206918063329895,-0.7299716034196961,0.28759797009750665,0.2912508861211456,0.24252382771919442,0
